49,49,45,Bulbasaur,1,65,65,45,grass,poison,6.9,1,0,"['Overgrow', 'Chlorophyll']"
62,63,60,Ivysaur,2,80,80,60,grass,poison,13,1,0,"['Overgrow', 'Chlorophyll']"
100,123,80,Venusaur,3,122,120,80,grass,poison,100,1,0,"['Overgrow', 'Chlorophyll']"
52,43,39,Charmander,4,60,50,65,fire,,8.5,1,0,"['Blaze', 'Solar Power']"
64,58,58,Charmeleon,5,80,65,80,fire,,19,1,0,"['Blaze', 'Solar Power']"
104,78,78,Charizard,6,159,115,100,fire,flying,90.5,1,0,"['Blaze', 'Solar Power']"
48,65,44,Squirtle,7,50,64,43,water,,9,1,0,"['Torrent', 'Rain Dish']"
63,80,59,Wartortle,8,65,80,58,water,,22.5,1,0,"['Torrent', 'Rain Dish']"
103,120,79,Blastoise,9,135,115,78,water,,85.5,1,0,"['Torrent', 'Rain Dish']"
30,35,45,Caterpie,10,20,20,45,bug,,2.9,1,0,"['Shield Dust', 'Run Away']"
20,55,50,Metapod,11,25,25,30,bug,,9.9,1,0,['Shed Skin']
45,50,60,Butterfree,12,90,80,70,bug,flying,32,1,0,"['Compoundeyes', 'Tinted Lens']"
35,30,40,Weedle,13,20,20,50,bug,poison,3.2,1,0,"['Shield Dust', 'Run Away']"
25,50,45,Kakuna,14,25,25,35,bug,poison,10,1,0,['Shed Skin']
150,40,65,Beedrill,15,15,80,145,bug,poison,29.5,1,0,"['Swarm', 'Sniper']"
45,40,40,Pidgey,16,35,35,56,normal,flying,1.8,1,0,"['Keen Eye', 'Tangled Feet', 'Big Pecks']"
60,55,63,Pidgeotto,17,50,50,71,normal,flying,30,1,0,"['Keen Eye', 'Tangled Feet', 'Big Pecks']"
80,80,83,Pidgeot,18,135,80,121,normal,flying,39.5,1,0,"['Keen Eye', 'Tangled Feet', 'Big Pecks']"
56,35,30,Rattata,19,25,35,72,normal,dark,,1,0,"['Run Away', 'Guts', 'Hustle', 'Gluttony', 'Hustle', 'Thick Fat']"
71,70,75,Raticate,20,40,80,77,normal,dark,,1,0,"['Run Away', 'Guts', 'Hustle', 'Gluttony', 'Hustle', 'Thick Fat']"
60,30,40,Spearow,21,31,31,70,normal,flying,2,1,0,"['Keen Eye', 'Sniper']"
90,65,65,Fearow,22,61,61,100,normal,flying,38,1,0,"['Keen Eye', 'Sniper']"
60,44,35,Ekans,23,40,54,55,poison,,6.9,1,0,"['Intimidate', 'Shed Skin', 'Unnerve']"
95,69,60,Arbok,24,65,79,80,poison,,65,1,0,"['Intimidate', 'Shed Skin', 'Unnerve']"
55,40,35,Pikachu,25,50,50,90,electric,,6,1,0,"['Static', 'Lightningrod']"
85,50,60,Raichu,26,95,85,110,electric,electric,,1,0,"['Static', 'Lightningrod', 'Surge Surfer']"
75,90,50,Sandshrew,27,10,35,40,ground,ice,,1,0,"['Sand Veil', 'Sand Rush', 'Snow Cloak', 'Slush Rush']"
100,120,75,Sandslash,28,25,65,65,ground,ice,,1,0,"['Sand Veil', 'Sand Rush', 'Snow Cloak', 'Slush Rush']"
47,52,55,Nidoran♀,29,40,40,41,poison,,7,1,0,"['Poison Point', 'Rivalry', 'Hustle']"
62,67,70,Nidorina,30,55,55,56,poison,,20,1,0,"['Poison Point', 'Rivalry', 'Hustle']"
92,87,90,Nidoqueen,31,75,85,76,poison,ground,60,1,0,"['Poison Point', 'Rivalry', 'Sheer Force']"
57,40,46,Nidoran♂,32,40,40,50,poison,,9,1,0,"['Poison Point', 'Rivalry', 'Hustle']"
72,57,61,Nidorino,33,55,55,65,poison,,19.5,1,0,"['Poison Point', 'Rivalry', 'Hustle']"
102,77,81,Nidoking,34,85,75,85,poison,ground,62,1,0,"['Poison Point', 'Rivalry', 'Sheer Force']"
45,48,70,Clefairy,35,60,65,35,fairy,,7.5,1,0,"['Cute Charm', 'Magic Guard', 'Friend Guard']"
70,73,95,Clefable,36,95,90,60,fairy,,40,1,0,"['Cute Charm', 'Magic Guard', 'Unaware']"
41,40,38,Vulpix,37,50,65,65,fire,ice,,1,0,"['Flash Fire', 'Drought', 'Snow Cloak', 'Snow Warning']"
67,75,73,Ninetales,38,81,100,109,fire,ice,,1,0,"['Flash Fire', 'Drought', 'Snow Cloak', 'Snow Warning']"
45,20,115,Jigglypuff,39,45,25,20,normal,fairy,5.5,1,0,"['Cute Charm', 'Competitive', 'Friend Guard']"
70,45,140,Wigglytuff,40,85,50,45,normal,fairy,12,1,0,"['Cute Charm', 'Competitive', 'Frisk']"
45,35,40,Zubat,41,30,40,55,poison,flying,7.5,1,0,"['Inner Focus', 'Infiltrator']"
80,70,75,Golbat,42,65,75,90,poison,flying,55,1,0,"['Inner Focus', 'Infiltrator']"
50,55,45,Oddish,43,75,65,30,grass,poison,5.4,1,0,"['Chlorophyll', 'Run Away']"
65,70,60,Gloom,44,85,75,40,grass,poison,8.6,1,0,"['Chlorophyll', 'Stench']"
80,85,75,Vileplume,45,110,90,50,grass,poison,18.6,1,0,"['Chlorophyll', 'Effect Spore']"
70,55,35,Paras,46,45,55,25,bug,grass,5.4,1,0,"['Effect Spore', 'Dry Skin', 'Damp']"
95,80,60,Parasect,47,60,80,30,bug,grass,29.5,1,0,"['Effect Spore', 'Dry Skin', 'Damp']"
55,50,60,Venonat,48,40,55,45,bug,poison,30,1,0,"['Compoundeyes', 'Tinted Lens', 'Run Away']"
65,60,70,Venomoth,49,90,75,90,bug,poison,12.5,1,0,"['Shield Dust', 'Tinted Lens', 'Wonder Skin ']"
55,30,10,Diglett,50,35,45,90,ground,ground,,1,0,"['Sand Veil', 'Arena Trap', 'Sand Force', 'Sand Veil', 'Tangling Hair', 'Sand Force']"
100,60,35,Dugtrio,51,50,70,110,ground,ground,,1,0,"['Sand Veil', 'Arena Trap', 'Sand Force', 'Sand Veil', 'Tangling Hair', 'Sand Force']"
35,35,40,Meowth,52,50,40,90,normal,dark,,1,0,"['Pickup', 'Technician', 'Unnerve', 'Pickup', 'Technician', 'Rattled']"
60,60,65,Persian,53,75,65,115,normal,dark,,1,0,"['Limber', 'Technician', 'Unnerve', 'Fur Coat', 'Technician', 'Rattled']"
52,48,50,Psyduck,54,65,50,55,water,,19.6,1,0,"['Damp', 'Cloud Nine', 'Swift Swim']"
82,78,80,Golduck,55,95,80,85,water,,76.6,1,0,"['Damp', 'Cloud Nine', 'Swift Swim']"
80,35,40,Mankey,56,35,45,70,fighting,,28,1,0,"['Vital Spirit', 'Anger Point', 'Defiant']"
105,60,65,Primeape,57,60,70,95,fighting,,32,1,0,"['Vital Spirit', 'Anger Point', 'Defiant']"
70,45,55,Growlithe,58,70,50,60,fire,,19,1,0,"['Intimidate', 'Flash Fire', 'Justified']"
110,80,90,Arcanine,59,100,80,95,fire,,155,1,0,"['Intimidate', 'Flash Fire', 'Justified']"
50,40,40,Poliwag,60,40,40,90,water,,12.4,1,0,"['Water Absorb', 'Damp', 'Swift Swim']"
65,65,65,Poliwhirl,61,50,50,90,water,,20,1,0,"['Water Absorb', 'Damp', 'Swift Swim']"
95,95,90,Poliwrath,62,70,90,70,water,fighting,54,1,0,"['Water Absorb', 'Damp', 'Swift Swim']"
20,15,25,Abra,63,105,55,90,psychic,,19.5,1,0,"['Synchronize', 'Inner Focus', 'Magic Guard']"
35,30,40,Kadabra,64,120,70,105,psychic,,56.5,1,0,"['Synchronize', 'Inner Focus', 'Magic Guard']"
50,65,55,Alakazam,65,175,105,150,psychic,,48,1,0,"['Synchronize', 'Inner Focus', 'Magic Guard']"
80,50,70,Machop,66,35,35,35,fighting,,19.5,1,0,"['Guts', 'No Guard', 'Steadfast']"
100,70,80,Machoke,67,50,60,45,fighting,,70.5,1,0,"['Guts', 'No Guard', 'Steadfast']"
130,80,90,Machamp,68,65,85,55,fighting,,130,1,0,"['Guts', 'No Guard', 'Steadfast']"
75,35,50,Bellsprout,69,70,30,40,grass,poison,4,1,0,"['Chlorophyll', 'Gluttony']"
90,50,65,Weepinbell,70,85,45,55,grass,poison,6.4,1,0,"['Chlorophyll', 'Gluttony']"
105,65,80,Victreebel,71,100,70,70,grass,poison,15.5,1,0,"['Chlorophyll', 'Gluttony']"
40,35,40,Tentacool,72,50,100,70,water,poison,45.5,1,0,"['Clear Body', 'Liquid Ooze', 'Rain Dish']"
70,65,80,Tentacruel,73,80,120,100,water,poison,55,1,0,"['Clear Body', 'Liquid Ooze', 'Rain Dish']"
80,100,40,Geodude,74,30,30,20,rock,ground,,1,0,"['Rock Head', 'Sturdy', 'Sand Veil', 'Magnet Pull', 'Sturdy', 'Galvanize']"
95,115,55,Graveler,75,45,45,35,rock,ground,,1,0,"['Rock Head', 'Sturdy', 'Sand Veil', 'Magnet Pull', 'Sturdy', 'Galvanize']"
120,130,80,Golem,76,55,65,45,rock,ground,,1,0,"['Rock Head', 'Sturdy', 'Sand Veil', 'Magnet Pull', 'Sturdy', 'Galvanize']"
85,55,50,Ponyta,77,65,65,90,fire,,30,1,0,"['Run Away', 'Flash Fire', 'Flame Body']"
100,70,65,Rapidash,78,80,80,105,fire,,95,1,0,"['Run Away', 'Flash Fire', 'Flame Body']"
65,65,90,Slowpoke,79,40,40,15,water,psychic,36,1,0,"['Oblivious', 'Own Tempo', 'Regenerator']"
75,180,95,Slowbro,80,130,80,30,water,psychic,78.5,1,0,"['Oblivious', 'Own Tempo', 'Regenerator']"
35,70,25,Magnemite,81,95,55,45,electric,steel,6,1,0,"['Magnet Pull', 'Sturdy', 'Analytic']"
60,95,50,Magneton,82,120,70,70,electric,steel,60,1,0,"['Magnet Pull', 'Sturdy', 'Analytic']"
90,55,52,Farfetch'd,83,58,62,60,normal,flying,15,1,0,"['Keen Eye', 'Inner Focus', 'Defiant']"
85,45,35,Doduo,84,35,35,75,normal,flying,39.2,1,0,"['Run Away', 'Early Bird', 'Tangled Feet']"
110,70,60,Dodrio,85,60,60,110,normal,flying,85.2,1,0,"['Run Away', 'Early Bird', 'Tangled Feet']"
45,55,65,Seel,86,45,70,45,water,,90,1,0,"['Thick Fat', 'Hydration', 'Ice Body']"
70,80,90,Dewgong,87,70,95,70,water,ice,120,1,0,"['Thick Fat', 'Hydration', 'Ice Body']"
80,50,80,Grimer,88,40,50,25,poison,poison,,1,0,"['Stench', 'Sticky Hold', 'Poison Touch', 'Poison Touch', 'Gluttony', 'Power of Alchemy']"
105,75,105,Muk,89,65,100,50,poison,poison,,1,0,"['Stench', 'Sticky Hold', 'Poison Touch', 'Poison Touch', 'Gluttony', 'Power of Alchemy']"
65,100,30,Shellder,90,45,25,40,water,,4,1,0,"['Shell Armor', 'Skill Link', 'Overcoat']"
95,180,50,Cloyster,91,85,45,70,water,ice,132.5,1,0,"['Shell Armor', 'Skill Link', 'Overcoat']"
35,30,30,Gastly,92,100,35,80,ghost,poison,0.1,1,0,['Levitate']
50,45,45,Haunter,93,115,55,95,ghost,poison,0.1,1,0,['Levitate']
65,80,60,Gengar,94,170,95,130,ghost,poison,40.5,1,0,['Cursed Body']
45,160,35,Onix,95,30,45,70,rock,ground,210,1,0,"['Rock Head', 'Sturdy', 'Weak Armor']"
48,45,60,Drowzee,96,43,90,42,psychic,,32.4,1,0,"['Insomnia', 'Forewarn', 'Inner Focus']"
73,70,85,Hypno,97,73,115,67,psychic,,75.6,1,0,"['Insomnia', 'Forewarn', 'Inner Focus']"
105,90,30,Krabby,98,25,25,50,water,,6.5,1,0,"['Hyper Cutter', 'Shell Armor', 'Sheer Force']"
130,115,55,Kingler,99,50,50,75,water,,60,1,0,"['Hyper Cutter', 'Shell Armor', 'Sheer Force']"
30,50,40,Voltorb,100,55,55,100,electric,,10.4,1,0,"['Soundproof', 'Static', 'Aftermath']"
50,70,60,Electrode,101,80,80,150,electric,,66.6,1,0,"['Soundproof', 'Static', 'Aftermath']"
40,80,60,Exeggcute,102,60,45,40,grass,psychic,2.5,1,0,"['Chlorophyll', 'Harvest']"
105,85,95,Exeggutor,103,125,75,45,grass,psychic,,1,0,"['Chlorophyll', 'Harvest', 'Frisk', 'Harvest']"
50,95,50,Cubone,104,40,50,35,ground,,6.5,1,0,"['Rock Head', 'Lightningrod', 'Battle Armor']"
80,110,60,Marowak,105,50,80,45,ground,fire,,1,0,"['Rock Head', 'Lightningrod', 'Battle Armor', 'Cursed Body', 'Lightningrod', 'Rock Head']"
120,53,50,Hitmonlee,106,35,110,87,fighting,,49.8,1,0,"['Limber', 'Reckless', 'Unburden']"
105,79,50,Hitmonchan,107,35,110,76,fighting,,50.2,1,0,"['Keen Eye', 'Iron Fist', 'Inner Focus']"
55,75,90,Lickitung,108,60,75,30,normal,,65.5,1,0,"['Own Tempo', 'Oblivious', 'Cloud Nine']"
65,95,40,Koffing,109,60,45,35,poison,,1,1,0,['Levitate']
90,120,65,Weezing,110,85,70,60,poison,,9.5,1,0,['Levitate']
85,95,80,Rhyhorn,111,30,30,25,ground,rock,115,1,0,"['Lightningrod', 'Rock Head', 'Reckless']"
130,120,105,Rhydon,112,45,45,40,ground,rock,120,1,0,"['Lightningrod', 'Rock Head', 'Reckless']"
5,5,250,Chansey,113,35,105,50,normal,,34.6,1,0,"['Natural Cure', 'Serene Grace', 'Healer']"
55,115,65,Tangela,114,100,40,60,grass,,35,1,0,"['Chlorophyll', 'Leaf Guard', 'Regenerator']"
125,100,105,Kangaskhan,115,60,100,100,normal,,80,1,0,"['Early Bird', 'Scrappy', 'Inner Focus']"
40,70,30,Horsea,116,70,25,60,water,,8,1,0,"['Swift Swim', 'Sniper', 'Damp']"
65,95,55,Seadra,117,95,45,85,water,,25,1,0,"['Poison Point', 'Sniper', 'Damp']"
67,60,45,Goldeen,118,35,50,63,water,,15,1,0,"['Swift Swim', 'Water Veil', 'Lightningrod']"
92,65,80,Seaking,119,65,80,68,water,,39,1,0,"['Swift Swim', 'Water Veil', 'Lightningrod']"
45,55,30,Staryu,120,70,55,85,water,,34.5,1,0,"['Illuminate', 'Natural Cure', 'Analytic']"
75,85,60,Starmie,121,100,85,115,water,psychic,80,1,0,"['Illuminate', 'Natural Cure', 'Analytic']"
45,65,40,Mr. Mime,122,100,120,90,psychic,fairy,54.5,1,0,"['Soundproof', 'Filter', 'Technician']"
110,80,70,Scyther,123,55,80,105,bug,flying,56,1,0,"['Swarm', 'Technician', 'Steadfast']"
50,35,65,Jynx,124,115,95,95,ice,psychic,40.6,1,0,"['Oblivious', 'Forewarn', 'Dry Skin']"
83,57,65,Electabuzz,125,95,85,105,electric,,30,1,0,"['Static', 'Vital Spirit']"
95,57,65,Magmar,126,100,85,93,fire,,44.5,1,0,"['Flame Body', 'Vital Spirit']"
155,120,65,Pinsir,127,65,90,105,bug,,55,1,0,"['Hyper Cutter', 'Mold Breaker', 'Moxie']"
100,95,75,Tauros,128,40,70,110,normal,,88.4,1,0,"['Intimidate', 'Anger Point', 'Sheer Force']"
10,55,20,Magikarp,129,15,20,80,water,,10,1,0,"['Swift Swim', 'Rattled']"
155,109,95,Gyarados,130,70,130,81,water,flying,235,1,0,"['Intimidate', 'Moxie']"
85,80,130,Lapras,131,85,95,60,water,ice,220,1,0,"['Water Absorb', 'Shell Armor', 'Hydration']"
48,48,48,Ditto,132,48,48,48,normal,,4,1,0,"['Limber', 'Imposter']"
55,50,55,Eevee,133,45,65,55,normal,,6.5,1,0,"['Run Away', 'Adaptability', 'Anticipation']"
65,60,130,Vaporeon,134,110,95,65,water,,29,1,0,"['Water Absorb', 'Hydration']"
65,60,65,Jolteon,135,110,95,130,electric,,24.5,1,0,"['Volt Absorb', 'Quick Feet']"
130,60,65,Flareon,136,95,110,65,fire,,25,1,0,"['Flash Fire', 'Guts']"
60,70,65,Porygon,137,85,75,40,normal,,36.5,1,0,"['Trace', 'Download', 'Analytic']"
40,100,35,Omanyte,138,90,55,35,rock,water,7.5,1,0,"['Swift Swim', 'Shell Armor', 'Weak Armor']"
60,125,70,Omastar,139,115,70,55,rock,water,35,1,0,"['Swift Swim', 'Shell Armor', 'Weak Armor']"
80,90,30,Kabuto,140,55,45,55,rock,water,11.5,1,0,"['Swift Swim', 'Battle Armor', 'Weak Armor']"
115,105,60,Kabutops,141,65,70,80,rock,water,40.5,1,0,"['Swift Swim', 'Battle Armor', 'Weak Armor']"
135,85,80,Aerodactyl,142,70,95,150,rock,flying,59,1,0,"['Rock Head', 'Pressure', 'Unnerve']"
110,65,160,Snorlax,143,65,110,30,normal,,460,1,0,"['Immunity', 'Thick Fat', 'Gluttony']"
85,100,90,Articuno,144,95,125,85,ice,flying,55.4,1,1,"['Pressure', 'Snow Cloak']"
90,85,90,Zapdos,145,125,90,100,electric,flying,52.6,1,1,"['Pressure', 'Static']"
100,90,90,Moltres,146,125,85,90,fire,flying,60,1,1,"['Pressure', 'Flame Body']"
64,45,41,Dratini,147,50,50,50,dragon,,3.3,1,0,"['Shed Skin', 'Marvel Scale']"
84,65,61,Dragonair,148,70,70,70,dragon,,16.5,1,0,"['Shed Skin', 'Marvel Scale']"
134,95,91,Dragonite,149,100,100,80,dragon,flying,210,1,0,"['Inner Focus', 'Multiscale']"
150,70,106,Mewtwo,150,194,120,140,psychic,,122,1,1,"['Pressure', 'Unnerve']"
100,100,100,Mew,151,100,100,100,psychic,,4,1,1,['Synchronize']
49,65,45,Chikorita,152,49,65,45,grass,,6.4,2,0,"['Overgrow', 'Leaf Guard']"
62,80,60,Bayleef,153,63,80,60,grass,,15.8,2,0,"['Overgrow', 'Leaf Guard']"
82,100,80,Meganium,154,83,100,80,grass,,100.5,2,0,"['Overgrow', 'Leaf Guard']"
52,43,39,Cyndaquil,155,60,50,65,fire,,7.9,2,0,"['Blaze', 'Flash Fire']"
64,58,58,Quilava,156,80,65,80,fire,,19,2,0,"['Blaze', 'Flash Fire']"
84,78,78,Typhlosion,157,109,85,100,fire,,79.5,2,0,"['Blaze', 'Flash Fire']"
65,64,50,Totodile,158,44,48,43,water,,9.5,2,0,"['Torrent', 'Sheer Force']"
80,80,65,Croconaw,159,59,63,58,water,,25,2,0,"['Torrent', 'Sheer Force']"
105,100,85,Feraligatr,160,79,83,78,water,,88.8,2,0,"['Torrent', 'Sheer Force']"
46,34,35,Sentret,161,35,45,20,normal,,6,2,0,"['Run Away', 'Keen Eye', 'Frisk']"
76,64,85,Furret,162,45,55,90,normal,,32.5,2,0,"['Run Away', 'Keen Eye', 'Frisk']"
30,30,60,Hoothoot,163,36,56,50,normal,flying,21.2,2,0,"['Insomnia', 'Keen Eye', 'Tinted Lens']"
50,50,100,Noctowl,164,86,96,70,normal,flying,40.8,2,0,"['Insomnia', 'Keen Eye', 'Tinted Lens']"
20,30,40,Ledyba,165,40,80,55,bug,flying,10.8,2,0,"['Swarm', 'Early Bird', 'Rattled']"
35,50,55,Ledian,166,55,110,85,bug,flying,35.6,2,0,"['Swarm', 'Early Bird', 'Iron Fist']"
60,40,40,Spinarak,167,40,40,30,bug,poison,8.5,2,0,"['Swarm', 'Insomnia', 'Sniper']"
90,70,70,Ariados,168,60,70,40,bug,poison,33.5,2,0,"['Swarm', 'Insomnia', 'Sniper']"
90,80,85,Crobat,169,70,80,130,poison,flying,75,2,0,"['Inner Focus', 'Infiltrator']"
38,38,75,Chinchou,170,56,56,67,water,electric,12,2,0,"['Volt Absorb', 'Illuminate', 'Water Absorb']"
58,58,125,Lanturn,171,76,76,67,water,electric,22.5,2,0,"['Volt Absorb', 'Illuminate', 'Water Absorb']"
40,15,20,Pichu,172,35,35,60,electric,,2,2,0,"['Static', 'Lightningrod']"
25,28,50,Cleffa,173,45,55,15,fairy,,3,2,0,"['Cute Charm', 'Magic Guard', 'Friend Guard']"
30,15,90,Igglybuff,174,40,20,15,normal,fairy,1,2,0,"['Cute Charm', 'Competitive', 'Friend Guard']"
20,65,35,Togepi,175,40,65,20,fairy,,1.5,2,0,"['Hustle', 'Serene Grace', 'Super Luck']"
40,85,55,Togetic,176,80,105,40,fairy,flying,3.2,2,0,"['Hustle', 'Serene Grace', 'Super Luck']"
50,45,40,Natu,177,70,45,70,psychic,flying,2,2,0,"['Synchronize', 'Early Bird', 'Magic Bounce']"
75,70,65,Xatu,178,95,70,95,psychic,flying,15,2,0,"['Synchronize', 'Early Bird', 'Magic Bounce']"
40,40,55,Mareep,179,65,45,35,electric,,7.8,2,0,"['Static', 'Plus']"
55,55,70,Flaaffy,180,80,60,45,electric,,13.3,2,0,"['Static', 'Plus']"
95,105,90,Ampharos,181,165,110,45,electric,,61.5,2,0,"['Static', 'Plus']"
80,95,75,Bellossom,182,90,100,50,grass,,5.8,2,0,"['Chlorophyll', 'Healer']"
20,50,70,Marill,183,20,50,40,water,fairy,8.5,2,0,"['Thick Fat', 'Huge Power', 'Sap Sipper']"
50,80,100,Azumarill,184,60,80,50,water,fairy,28.5,2,0,"['Thick Fat', 'Huge Power', 'Sap Sipper']"
100,115,70,Sudowoodo,185,30,65,30,rock,,38,2,0,"['Sturdy', 'Rock Head', 'Rattled']"
75,75,90,Politoed,186,90,100,70,water,,33.9,2,0,"['Water Absorb', 'Damp', 'Drizzle']"
35,40,35,Hoppip,187,35,55,50,grass,flying,0.5,2,0,"['Chlorophyll', 'Leaf Guard', 'Infiltrator']"
45,50,55,Skiploom,188,45,65,80,grass,flying,1,2,0,"['Chlorophyll', 'Leaf Guard', 'Infiltrator']"
55,70,75,Jumpluff,189,55,95,110,grass,flying,3,2,0,"['Chlorophyll', 'Leaf Guard', 'Infiltrator']"
70,55,55,Aipom,190,40,55,85,normal,,11.5,2,0,"['Run Away', 'Pickup', 'Skill Link']"
30,30,30,Sunkern,191,30,30,30,grass,,1.8,2,0,"['Chlorophyll', 'Solar Power', 'Early Bird']"
75,55,75,Sunflora,192,105,85,30,grass,,8.5,2,0,"['Chlorophyll', 'Solar Power', 'Early Bird']"
65,45,65,Yanma,193,75,45,95,bug,flying,38,2,0,"['Speed Boost', 'Compoundeyes', 'Frisk']"
45,45,55,Wooper,194,25,25,15,water,ground,8.5,2,0,"['Damp', 'Water Absorb', 'Unaware']"
85,85,95,Quagsire,195,65,65,35,water,ground,75,2,0,"['Damp', 'Water Absorb', 'Unaware']"
65,60,65,Espeon,196,130,95,110,psychic,,26.5,2,0,"['Synchronize', 'Magic Bounce']"
65,110,95,Umbreon,197,60,130,65,dark,,27,2,0,"['Synchronize', 'Inner Focus']"
85,42,60,Murkrow,198,85,42,91,dark,flying,2.1,2,0,"['Insomnia', 'Super Luck', 'Prankster']"
75,80,95,Slowking,199,100,110,30,water,psychic,79.5,2,0,"['Oblivious', 'Own Tempo', 'Regenerator']"
60,60,60,Misdreavus,200,85,85,85,ghost,,1,2,0,['Levitate']
72,48,48,Unown,201,72,48,48,psychic,,5,2,0,['Levitate']
33,58,190,Wobbuffet,202,33,58,33,psychic,,28.5,2,0,"['Shadow Tag', 'Telepathy']"
80,65,70,Girafarig,203,90,65,85,normal,psychic,41.5,2,0,"['Inner Focus', 'Early Bird', 'Sap Sipper']"
65,90,50,Pineco,204,35,35,15,bug,,7.2,2,0,"['Sturdy', 'Overcoat']"
90,140,75,Forretress,205,60,60,40,bug,steel,125.8,2,0,"['Sturdy', 'Overcoat']"
70,70,100,Dunsparce,206,65,65,45,normal,,14,2,0,"['Serene Grace', 'Run Away', 'Rattled']"
75,105,65,Gligar,207,35,65,85,ground,flying,64.8,2,0,"['Hyper Cutter', 'Sand Veil', 'Immunity']"
125,230,75,Steelix,208,55,95,30,steel,ground,400,2,0,"['Rock Head', 'Sturdy', 'Sheer Force']"
80,50,60,Snubbull,209,40,40,30,fairy,,7.8,2,0,"['Intimidate', 'Run Away', 'Rattled']"
120,75,90,Granbull,210,60,60,45,fairy,,48.7,2,0,"['Intimidate', 'Quick Feet', 'Rattled']"
95,85,65,Qwilfish,211,55,55,85,water,poison,3.9,2,0,"['Poison Point', 'Swift Swim', 'Intimidate']"
150,140,70,Scizor,212,65,100,75,bug,steel,118,2,0,"['Swarm', 'Technician', 'Light Metal']"
10,230,20,Shuckle,213,10,230,5,bug,rock,20.5,2,0,"['Sturdy', 'Gluttony', 'Contrary']"
185,115,80,Heracross,214,40,105,75,bug,fighting,54,2,0,"['Swarm', 'Guts', 'Moxie']"
95,55,55,Sneasel,215,35,75,115,dark,ice,28,2,0,"['Inner Focus', 'Keen Eye', 'Pickpocket']"
80,50,60,Teddiursa,216,50,50,40,normal,,8.8,2,0,"['Pickup', 'Quick Feet', 'Honey Gather']"
130,75,90,Ursaring,217,75,75,55,normal,,125.8,2,0,"['Guts', 'Quick Feet', 'Unnerve']"
40,40,40,Slugma,218,70,40,20,fire,,35,2,0,"['Magma Armor', 'Flame Body', 'Weak Armor']"
50,120,60,Magcargo,219,90,80,30,fire,rock,55,2,0,"['Magma Armor', 'Flame Body', 'Weak Armor']"
50,40,50,Swinub,220,30,30,50,ice,ground,6.5,2,0,"['Oblivious', 'Snow Cloak', 'Thick Fat']"
100,80,100,Piloswine,221,60,60,50,ice,ground,55.8,2,0,"['Oblivious', 'Snow Cloak', 'Thick Fat']"
55,95,65,Corsola,222,65,95,35,water,rock,5,2,0,"['Hustle', 'Natural Cure', 'Regenerator']"
65,35,35,Remoraid,223,65,35,65,water,,12,2,0,"['Hustle', 'Sniper', 'Moody']"
105,75,75,Octillery,224,105,75,45,water,,28.5,2,0,"['Suction Cups', 'Sniper', 'Moody']"
55,45,45,Delibird,225,65,45,75,ice,flying,16,2,0,"['Vital Spirit', 'Hustle', 'Insomnia']"
40,70,85,Mantine,226,80,140,70,water,flying,220,2,0,"['Swift Swim', 'Water Absorb', 'Water Veil']"
80,140,65,Skarmory,227,40,70,70,steel,flying,50.5,2,0,"['Keen Eye', 'Sturdy', 'Weak Armor']"
60,30,45,Houndour,228,80,50,65,dark,fire,10.8,2,0,"['Early Bird', 'Flash Fire', 'Unnerve']"
90,90,75,Houndoom,229,140,90,115,dark,fire,35,2,0,"['Early Bird', 'Flash Fire', 'Unnerve']"
95,95,75,Kingdra,230,95,95,85,water,dragon,152,2,0,"['Swift Swim', 'Sniper', 'Damp']"
60,60,90,Phanpy,231,40,40,40,ground,,33.5,2,0,"['Pickup', 'Sand Veil']"
120,120,90,Donphan,232,60,60,50,ground,,120,2,0,"['Sturdy', 'Sand Veil']"
80,90,85,Porygon2,233,105,95,60,normal,,32.5,2,0,"['Trace', 'Download', 'Analytic']"
95,62,73,Stantler,234,85,65,85,normal,,71.2,2,0,"['Intimidate', 'Frisk', 'Sap Sipper']"
20,35,55,Smeargle,235,20,45,75,normal,,58,2,0,"['Own Tempo', 'Technician', 'Moody']"
35,35,35,Tyrogue,236,35,35,35,fighting,,21,2,0,"['Guts', 'Steadfast', 'Vital Spirit']"
95,95,50,Hitmontop,237,35,110,70,fighting,,48,2,0,"['Intimidate', 'Technician', 'Steadfast']"
30,15,45,Smoochum,238,85,65,65,ice,psychic,6,2,0,"['Oblivious', 'Forewarn', 'Hydration']"
63,37,45,Elekid,239,65,55,95,electric,,23.5,2,0,"['Static', 'Vital Spirit']"
75,37,45,Magby,240,70,55,83,fire,,21.4,2,0,"['Flame Body', 'Vital Spirit']"
80,105,95,Miltank,241,40,70,100,normal,,75.5,2,0,"['Thick Fat', 'Scrappy', 'Sap Sipper']"
10,10,255,Blissey,242,75,135,55,normal,,46.8,2,0,"['Natural Cure', 'Serene Grace', 'Healer']"
85,75,90,Raikou,243,115,100,115,electric,,178,2,1,"['Pressure', 'Inner Focus']"
115,85,115,Entei,244,90,75,100,fire,,198,2,1,"['Pressure', 'Inner Focus']"
75,115,100,Suicune,245,90,115,85,water,,187,2,1,"['Pressure', 'Inner Focus']"
64,50,50,Larvitar,246,45,50,41,rock,ground,72,2,0,"['Guts', 'Sand Veil']"
84,70,70,Pupitar,247,65,70,51,rock,ground,152,2,0,['Shed Skin']
164,150,100,Tyranitar,248,95,120,71,rock,dark,202,2,0,"['Sand Stream', 'Unnerve']"
90,130,106,Lugia,249,90,154,110,psychic,flying,216,2,1,"['Pressure', 'Multiscale']"
130,90,106,Ho-Oh,250,110,154,90,fire,flying,199,2,1,"['Pressure', 'Regenerator']"
100,100,100,Celebi,251,100,100,100,psychic,grass,5,2,1,['Natural Cure']
45,35,40,Treecko,252,65,55,70,grass,,5,3,0,"['Overgrow', 'Unburden']"
65,45,50,Grovyle,253,85,65,95,grass,,21.6,3,0,"['Overgrow', 'Unburden']"
110,75,70,Sceptile,254,145,85,145,grass,,52.2,3,0,"['Overgrow', 'Unburden']"
60,40,45,Torchic,255,70,50,45,fire,,2.5,3,0,"['Blaze', 'Speed Boost']"
85,60,60,Combusken,256,85,60,55,fire,fighting,19.5,3,0,"['Blaze', 'Speed Boost']"
160,80,80,Blaziken,257,130,80,100,fire,fighting,52,3,0,"['Blaze', 'Speed Boost']"
70,50,50,Mudkip,258,50,50,40,water,,7.6,3,0,"['Torrent', 'Damp']"
85,70,70,Marshtomp,259,60,70,50,water,ground,28,3,0,"['Torrent', 'Damp']"
150,110,100,Swampert,260,95,110,70,water,ground,81.9,3,0,"['Torrent', 'Damp']"
55,35,35,Poochyena,261,30,30,35,dark,,13.6,3,0,"['Run Away', 'Quick Feet', 'Rattled']"
90,70,70,Mightyena,262,60,60,70,dark,,37,3,0,"['Intimidate', 'Quick Feet', 'Moxie']"
30,41,38,Zigzagoon,263,30,41,60,normal,,17.5,3,0,"['Pickup', 'Gluttony', 'Quick Feet']"
70,61,78,Linoone,264,50,61,100,normal,,32.5,3,0,"['Pickup', 'Gluttony', 'Quick Feet']"
45,35,45,Wurmple,265,20,30,20,bug,,3.6,3,0,"['Shield Dust', 'Run Away']"
35,55,50,Silcoon,266,25,25,15,bug,,10,3,0,['Shed Skin']
70,50,60,Beautifly,267,100,50,65,bug,flying,28.4,3,0,"['Swarm', 'Rivalry']"
35,55,50,Cascoon,268,25,25,15,bug,,11.5,3,0,['Shed Skin']
50,70,60,Dustox,269,50,90,65,bug,poison,31.6,3,0,"['Shield Dust', 'Compoundeyes']"
30,30,40,Lotad,270,40,50,30,water,grass,2.6,3,0,"['Swift Swim', 'Rain Dish', 'Own Tempo']"
50,50,60,Lombre,271,60,70,50,water,grass,32.5,3,0,"['Swift Swim', 'Rain Dish', 'Own Tempo']"
70,70,80,Ludicolo,272,90,100,70,water,grass,55,3,0,"['Swift Swim', 'Rain Dish', 'Own Tempo']"
40,50,40,Seedot,273,30,30,30,grass,,4,3,0,"['Chlorophyll', 'Early Bird', 'Pickpocket']"
70,40,70,Nuzleaf,274,60,40,60,grass,dark,28,3,0,"['Chlorophyll', 'Early Bird', 'Pickpocket']"
100,60,90,Shiftry,275,90,60,80,grass,dark,59.6,3,0,"['Chlorophyll', 'Early Bird', 'Pickpocket']"
55,30,40,Taillow,276,30,30,85,normal,flying,2.3,3,0,"['Guts', 'Scrappy']"
85,60,60,Swellow,277,75,50,125,normal,flying,19.8,3,0,"['Guts', 'Scrappy']"
30,30,40,Wingull,278,55,30,85,water,flying,9.5,3,0,"['Keen Eye', 'Hydration', 'Rain Dish']"
50,100,60,Pelipper,279,95,70,65,water,flying,28,3,0,"['Keen Eye', 'Drizzle', 'Rain Dish']"
25,25,28,Ralts,280,45,35,40,psychic,fairy,6.6,3,0,"['Synchronize', 'Trace', 'Telepathy']"
35,35,38,Kirlia,281,65,55,50,psychic,fairy,20.2,3,0,"['Synchronize', 'Trace', 'Telepathy']"
85,65,68,Gardevoir,282,165,135,100,psychic,fairy,48.4,3,0,"['Synchronize', 'Trace', 'Telepathy']"
30,32,40,Surskit,283,50,52,65,bug,water,1.7,3,0,"['Swift Swim', 'Rain Dish']"
60,62,70,Masquerain,284,100,82,80,bug,flying,3.6,3,0,"['Intimidate', 'Unnerve']"
40,60,60,Shroomish,285,40,60,35,grass,,4.5,3,0,"['Effect Spore', 'Poison Heal', 'Quick Feet']"
130,80,60,Breloom,286,60,60,70,grass,fighting,39.2,3,0,"['Effect Spore', 'Poison Heal', 'Technician']"
60,60,60,Slakoth,287,35,35,30,normal,,24,3,0,['Truant']
80,80,80,Vigoroth,288,55,55,90,normal,,46.5,3,0,['Vital Spirit']
160,100,150,Slaking,289,95,65,100,normal,,130.5,3,0,['Truant']
45,90,31,Nincada,290,30,30,40,bug,ground,5.5,3,0,"['Compoundeyes', 'Run Away']"
90,45,61,Ninjask,291,50,50,160,bug,flying,12,3,0,"['Speed Boost', 'Infiltrator']"
90,45,1,Shedinja,292,30,30,40,bug,ghost,1.2,3,0,['Wonder Guard']
51,23,64,Whismur,293,51,23,28,normal,,16.3,3,0,"['Soundproof', 'Rattled']"
71,43,84,Loudred,294,71,43,48,normal,,40.5,3,0,"['Soundproof', 'Scrappy']"
91,63,104,Exploud,295,91,73,68,normal,,84,3,0,"['Soundproof', 'Scrappy']"
60,30,72,Makuhita,296,20,30,25,fighting,,86.4,3,0,"['Thick Fat', 'Guts', 'Sheer Force']"
120,60,144,Hariyama,297,40,60,50,fighting,,253.8,3,0,"['Thick Fat', 'Guts', 'Sheer Force']"
20,40,50,Azurill,298,20,40,20,normal,fairy,2,3,0,"['Thick Fat', 'Huge Power', 'Sap Sipper']"
45,135,30,Nosepass,299,45,90,30,rock,,97,3,0,"['Sturdy', 'Magnet Pull', 'Sand Force']"
45,45,50,Skitty,300,35,35,50,normal,,11,3,0,"['Cute Charm', 'Normalize', 'Wonder Skin ']"
65,65,70,Delcatty,301,55,55,90,normal,,32.6,3,0,"['Cute Charm', 'Normalize', 'Wonder Skin ']"
85,125,50,Sableye,302,85,115,20,dark,ghost,11,3,0,"['Keen Eye', 'Stall', 'Prankster']"
105,125,50,Mawile,303,55,95,50,steel,fairy,11.5,3,0,"['Hyper Cutter', 'Intimidate', 'Sheer Force']"
70,100,50,Aron,304,40,40,30,steel,rock,60,3,0,"['Sturdy', 'Rock Head', 'Heavy Metal']"
90,140,60,Lairon,305,50,50,40,steel,rock,120,3,0,"['Sturdy', 'Rock Head', 'Heavy Metal']"
140,230,70,Aggron,306,60,80,50,steel,rock,360,3,0,"['Sturdy', 'Rock Head', 'Heavy Metal']"
40,55,30,Meditite,307,40,55,60,fighting,psychic,11.2,3,0,"['Pure Power', 'Telepathy']"
100,85,60,Medicham,308,80,85,100,fighting,psychic,31.5,3,0,"['Pure Power', 'Telepathy']"
45,40,40,Electrike,309,65,40,65,electric,,15.2,3,0,"['Static', 'Lightningrod', 'Minus']"
75,80,70,Manectric,310,135,80,135,electric,,40.2,3,0,"['Static', 'Lightningrod', 'Minus']"
50,40,60,Plusle,311,85,75,95,electric,,4.2,3,0,"['Plus', 'Lightningrod']"
40,50,60,Minun,312,75,85,95,electric,,4.2,3,0,"['Minus', 'Volt Absorb']"
73,75,65,Volbeat,313,47,85,85,bug,,17.7,3,0,"['Illuminate', 'Swarm', 'Prankster']"
47,75,65,Illumise,314,73,85,85,bug,,17.7,3,0,"['Oblivious', 'Tinted Lens', 'Prankster']"
60,45,50,Roselia,315,100,80,65,grass,poison,2,3,0,"['Natural Cure', 'Poison Point', 'Leaf Guard']"
43,53,70,Gulpin,316,43,53,40,poison,,10.3,3,0,"['Liquid Ooze', 'Sticky Hold', 'Gluttony']"
73,83,100,Swalot,317,73,83,55,poison,,80,3,0,"['Liquid Ooze', 'Sticky Hold', 'Gluttony']"
90,20,45,Carvanha,318,65,20,65,water,dark,20.8,3,0,"['Rough Skin', 'Speed Boost']"
140,70,70,Sharpedo,319,110,65,105,water,dark,88.8,3,0,"['Rough Skin', 'Speed Boost']"
70,35,130,Wailmer,320,70,35,60,water,,130,3,0,"['Water Veil', 'Oblivious', 'Pressure']"
90,45,170,Wailord,321,90,45,60,water,,398,3,0,"['Water Veil', 'Oblivious', 'Pressure']"
60,40,60,Numel,322,65,45,35,fire,ground,24,3,0,"['Oblivious', 'Simple', 'Own Tempo']"
120,100,70,Camerupt,323,145,105,20,fire,ground,220,3,0,"['Magma Armor', 'Solid Rock', 'Anger Point']"
85,140,70,Torkoal,324,85,70,20,fire,,80.4,3,0,"['White Smoke', 'Drought', 'Shell Armor']"
25,35,60,Spoink,325,70,80,60,psychic,,30.6,3,0,"['Thick Fat', 'Own Tempo', 'Gluttony']"
45,65,80,Grumpig,326,90,110,80,psychic,,71.5,3,0,"['Thick Fat', 'Own Tempo', 'Gluttony']"
60,60,60,Spinda,327,60,60,60,normal,,5,3,0,"['Own Tempo', 'Tangled Feet', 'Contrary']"
100,45,45,Trapinch,328,45,45,10,ground,,15,3,0,"['Hyper Cutter', 'Arena Trap', 'Sheer Force']"
70,50,50,Vibrava,329,50,50,70,ground,dragon,15.3,3,0,['Levitate']
100,80,80,Flygon,330,80,80,100,ground,dragon,82,3,0,['Levitate']
85,40,50,Cacnea,331,85,40,35,grass,,51.3,3,0,"['Sand Veil', 'Water Absorb']"
115,60,70,Cacturne,332,115,60,55,grass,dark,77.4,3,0,"['Sand Veil', 'Water Absorb']"
40,60,45,Swablu,333,40,75,50,normal,flying,1.2,3,0,"['Natural Cure', 'Cloud Nine']"
110,110,75,Altaria,334,110,105,80,dragon,flying,20.6,3,0,"['Natural Cure', 'Cloud Nine']"
115,60,73,Zangoose,335,60,60,90,normal,,40.3,3,0,"['Immunity', 'Toxic Boost']"
100,60,73,Seviper,336,100,60,65,poison,,52.5,3,0,"['Shed Skin', 'Infiltrator']"
55,65,90,Lunatone,337,95,85,70,rock,psychic,168,3,0,['Levitate']
95,85,90,Solrock,338,55,65,70,rock,psychic,154,3,0,['Levitate']
48,43,50,Barboach,339,46,41,60,water,ground,1.9,3,0,"['Oblivious', 'Anticipation', 'Hydration']"
78,73,110,Whiscash,340,76,71,60,water,ground,23.6,3,0,"['Oblivious', 'Anticipation', 'Hydration']"
80,65,43,Corphish,341,50,35,35,water,,11.5,3,0,"['Hyper Cutter', 'Shell Armor', 'Adaptability']"
120,85,63,Crawdaunt,342,90,55,55,water,dark,32.8,3,0,"['Hyper Cutter', 'Shell Armor', 'Adaptability']"
40,55,40,Baltoy,343,40,70,55,ground,psychic,21.5,3,0,['Levitate']
70,105,60,Claydol,344,70,120,75,ground,psychic,108,3,0,['Levitate']
41,77,66,Lileep,345,61,87,23,rock,grass,23.8,3,0,"['Suction Cups', 'Storm Drain']"
81,97,86,Cradily,346,81,107,43,rock,grass,60.4,3,0,"['Suction Cups', 'Storm Drain']"
95,50,45,Anorith,347,40,50,75,rock,bug,12.5,3,0,"['Battle Armor', 'Swift Swim']"
125,100,75,Armaldo,348,70,80,45,rock,bug,68.2,3,0,"['Battle Armor', 'Swift Swim']"
15,20,20,Feebas,349,10,55,80,water,,7.4,3,0,"['Swift Swim', 'Oblivious', 'Adaptability']"
60,79,95,Milotic,350,100,125,81,water,,162,3,0,"['Marvel Scale', 'Competitive', 'Cute Charm']"
70,70,70,Castform,351,70,70,70,normal,,0.8,3,0,['Forecast']
90,70,60,Kecleon,352,60,120,40,normal,,22,3,0,"['Color Change', 'Protean']"
75,35,44,Shuppet,353,63,33,45,ghost,,2.3,3,0,"['Insomnia', 'Frisk', 'Cursed Body']"
165,75,64,Banette,354,93,83,75,ghost,,12.5,3,0,"['Insomnia', 'Frisk', 'Cursed Body']"
40,90,20,Duskull,355,30,90,25,ghost,,15,3,0,"['Levitate', 'Frisk']"
70,130,40,Dusclops,356,60,130,25,ghost,,30.6,3,0,"['Pressure', 'Frisk']"
68,83,99,Tropius,357,72,87,51,grass,flying,100,3,0,"['Chlorophyll', 'Solar Power', 'Harvest']"
50,80,75,Chimecho,358,95,90,65,psychic,,1,3,0,['Levitate']
150,60,65,Absol,359,115,60,115,dark,,47,3,0,"['Pressure', 'Super Luck', 'Justified']"
23,48,95,Wynaut,360,23,48,23,psychic,,14,3,0,"['Shadow Tag', 'Telepathy']"
50,50,50,Snorunt,361,50,50,50,ice,,16.8,3,0,"['Inner Focus', 'Ice Body', 'Moody']"
120,80,80,Glalie,362,120,80,100,ice,,256.5,3,0,"['Inner Focus', 'Ice Body', 'Moody']"
40,50,70,Spheal,363,55,50,25,ice,water,39.5,3,0,"['Thick Fat', 'Ice Body', 'Oblivious']"
60,70,90,Sealeo,364,75,70,45,ice,water,87.6,3,0,"['Thick Fat', 'Ice Body', 'Oblivious']"
80,90,110,Walrein,365,95,90,65,ice,water,150.6,3,0,"['Thick Fat', 'Ice Body', 'Oblivious']"
64,85,35,Clamperl,366,74,55,32,water,,52.5,3,0,"['Shell Armor', 'Rattled']"
104,105,55,Huntail,367,94,75,52,water,,27,3,0,"['Swift Swim', 'Water Veil']"
84,105,55,Gorebyss,368,114,75,52,water,,22.6,3,0,"['Swift Swim', 'Hydration']"
90,130,100,Relicanth,369,45,65,55,water,rock,23.4,3,0,"['Swift Swim', 'Rock Head', 'Sturdy']"
30,55,43,Luvdisc,370,40,65,97,water,,8.7,3,0,"['Swift Swim', 'Hydration']"
75,60,45,Bagon,371,40,30,50,dragon,,42.1,3,0,"['Rock Head', 'Sheer Force']"
95,100,65,Shelgon,372,60,50,50,dragon,,110.5,3,0,"['Rock Head', 'Overcoat']"
145,130,95,Salamence,373,120,90,120,dragon,flying,102.6,3,0,"['Intimidate', 'Moxie']"
55,80,40,Beldum,374,35,60,30,steel,psychic,95.2,3,0,"['Clear Body', 'Light Metal']"
75,100,60,Metang,375,55,80,50,steel,psychic,202.5,3,0,"['Clear Body', 'Light Metal']"
145,150,80,Metagross,376,105,110,110,steel,psychic,550,3,0,"['Clear Body', 'Light Metal']"
100,200,80,Regirock,377,50,100,50,rock,,230,3,1,"['Clear Body', 'Sturdy']"
50,100,80,Regice,378,100,200,50,ice,,175,3,1,"['Clear Body', 'Ice Body']"
75,150,80,Registeel,379,75,150,50,steel,,205,3,1,"['Clear Body', 'Light Metal']"
100,120,80,Latias,380,140,150,110,dragon,psychic,40,3,1,['Levitate']
130,100,80,Latios,381,160,120,110,dragon,psychic,60,3,1,['Levitate']
150,90,100,Kyogre,382,180,160,90,water,,352,3,1,['Drizzle']
180,160,100,Groudon,383,150,90,90,ground,,950,3,1,['Drought']
180,100,105,Rayquaza,384,180,100,115,dragon,flying,206.5,3,1,['Air Lock']
100,100,100,Jirachi,385,100,100,100,steel,psychic,1.1,3,1,['Serene Grace']
95,90,50,Deoxys,386,95,90,180,psychic,,60.8,3,1,['Pressure']
68,64,55,Turtwig,387,45,55,31,grass,,10.2,4,0,"['Overgrow', 'Shell Armor']"
89,85,75,Grotle,388,55,65,36,grass,,97,4,0,"['Overgrow', 'Shell Armor']"
109,105,95,Torterra,389,75,85,56,grass,ground,310,4,0,"['Overgrow', 'Shell Armor']"
58,44,44,Chimchar,390,58,44,61,fire,,6.2,4,0,"['Blaze', 'Iron Fist']"
78,52,64,Monferno,391,78,52,81,fire,fighting,22,4,0,"['Blaze', 'Iron Fist']"
104,71,76,Infernape,392,104,71,108,fire,fighting,55,4,0,"['Blaze', 'Iron Fist']"
51,53,53,Piplup,393,61,56,40,water,,5.2,4,0,"['Torrent', 'Defiant']"
66,68,64,Prinplup,394,81,76,50,water,,23,4,0,"['Torrent', 'Defiant']"
86,88,84,Empoleon,395,111,101,60,water,steel,84.5,4,0,"['Torrent', 'Defiant']"
55,30,40,Starly,396,30,30,60,normal,flying,2,4,0,"['Keen Eye', 'Reckless']"
75,50,55,Staravia,397,40,40,80,normal,flying,15.5,4,0,"['Intimidate', 'Reckless']"
120,70,85,Staraptor,398,50,60,100,normal,flying,24.9,4,0,"['Intimidate', 'Reckless']"
45,40,59,Bidoof,399,35,40,31,normal,,20,4,0,"['Simple', 'Unaware', 'Moody']"
85,60,79,Bibarel,400,55,60,71,normal,water,31.5,4,0,"['Simple', 'Unaware', 'Moody']"
25,41,37,Kricketot,401,25,41,25,bug,,2.2,4,0,"['Shed Skin', 'Run Away']"
85,51,77,Kricketune,402,55,51,65,bug,,25.5,4,0,"['Swarm', 'Technician']"
65,34,45,Shinx,403,40,34,45,electric,,9.5,4,0,"['Rivalry', 'Intimidate', 'Guts']"
85,49,60,Luxio,404,60,49,60,electric,,30.5,4,0,"['Rivalry', 'Intimidate', 'Guts']"
120,79,80,Luxray,405,95,79,70,electric,,42,4,0,"['Rivalry', 'Intimidate', 'Guts']"
30,35,40,Budew,406,50,70,55,grass,poison,1.2,4,0,"['Natural Cure', 'Poison Point', 'Leaf Guard']"
70,65,60,Roserade,407,125,105,90,grass,poison,14.5,4,0,"['Natural Cure', 'Poison Point', 'Technician']"
125,40,67,Cranidos,408,30,30,58,rock,,31.5,4,0,"['Mold Breaker', 'Sheer Force']"
165,60,97,Rampardos,409,65,50,58,rock,,102.5,4,0,"['Mold Breaker', 'Sheer Force']"
42,118,30,Shieldon,410,42,88,30,rock,steel,57,4,0,"['Sturdy', 'Soundproof']"
52,168,60,Bastiodon,411,47,138,30,rock,steel,149.5,4,0,"['Sturdy', 'Soundproof']"
29,45,40,Burmy,412,29,45,36,bug,,3.4,4,0,"['Shed Skin', 'Overcoat']"
69,95,60,Wormadam,413,69,95,36,bug,grass,6.5,4,0,"['Anticipation', 'Overcoat']"
94,50,70,Mothim,414,94,50,66,bug,flying,23.3,4,0,"['Swarm', 'Tinted Lens']"
30,42,30,Combee,415,30,42,70,bug,flying,5.5,4,0,"['Honey Gather', 'Hustle']"
80,102,70,Vespiquen,416,80,102,40,bug,flying,38.5,4,0,"['Pressure', 'Unnerve']"
45,70,60,Pachirisu,417,45,90,95,electric,,3.9,4,0,"['Run Away', 'Pickup', 'Volt Absorb']"
65,35,55,Buizel,418,60,30,85,water,,29.5,4,0,"['Swift Swim', 'Water Veil']"
105,55,85,Floatzel,419,85,50,115,water,,33.5,4,0,"['Swift Swim', 'Water Veil']"
35,45,45,Cherubi,420,62,53,35,grass,,3.3,4,0,['Chlorophyll']
60,70,70,Cherrim,421,87,78,85,grass,,9.3,4,0,['Flower Gift']
48,48,76,Shellos,422,57,62,34,water,,6.3,4,0,"['Sticky Hold', 'Storm Drain', 'Sand Force']"
83,68,111,Gastrodon,423,92,82,39,water,ground,29.9,4,0,"['Sticky Hold', 'Storm Drain', 'Sand Force']"
100,66,75,Ambipom,424,60,66,115,normal,,20.3,4,0,"['Technician', 'Pickup', 'Skill Link']"
50,34,90,Drifloon,425,60,44,70,ghost,flying,1.2,4,0,"['Aftermath', 'Unburden', 'Flare Boost']"
80,44,150,Drifblim,426,90,54,80,ghost,flying,15,4,0,"['Aftermath', 'Unburden', 'Flare Boost']"
66,44,55,Buneary,427,44,56,85,normal,,5.5,4,0,"['Run Away', 'Klutz', 'Limber']"
136,94,65,Lopunny,428,54,96,135,normal,,33.3,4,0,"['Cute Charm', 'Klutz', 'Limber']"
60,60,60,Mismagius,429,105,105,105,ghost,,4.4,4,0,['Levitate']
125,52,100,Honchkrow,430,105,52,71,dark,flying,27.3,4,0,"['Insomnia', 'Super Luck', 'Moxie']"
55,42,49,Glameow,431,42,37,85,normal,,3.9,4,0,"['Limber', 'Own Tempo', 'Keen Eye']"
82,64,71,Purugly,432,64,59,112,normal,,43.8,4,0,"['Thick Fat', 'Own Tempo', 'Defiant']"
30,50,45,Chingling,433,65,50,45,psychic,,0.6,4,0,['Levitate']
63,47,63,Stunky,434,41,41,74,poison,dark,19.2,4,0,"['Stench', 'Aftermath', 'Keen Eye']"
93,67,103,Skuntank,435,71,61,84,poison,dark,38,4,0,"['Stench', 'Aftermath', 'Keen Eye']"
24,86,57,Bronzor,436,24,86,23,steel,psychic,60.5,4,0,"['Levitate', 'Heatproof', 'Heavy Metal']"
89,116,67,Bronzong,437,79,116,33,steel,psychic,187,4,0,"['Levitate', 'Heatproof', 'Heavy Metal']"
80,95,50,Bonsly,438,10,45,10,rock,,15,4,0,"['Sturdy', 'Rock Head', 'Rattled']"
25,45,20,Mime Jr.,439,70,90,60,psychic,fairy,13,4,0,"['Soundproof', 'Filter', 'Technician']"
5,5,100,Happiny,440,15,65,30,normal,,24.4,4,0,"['Natural Cure', 'Serene Grace', 'Friend Guard']"
65,45,76,Chatot,441,92,42,91,normal,flying,1.9,4,0,"['Keen Eye', 'Tangled Feet', 'Big Pecks']"
92,108,50,Spiritomb,442,92,108,35,ghost,dark,108,4,0,"['Pressure', 'Infiltrator']"
70,45,58,Gible,443,40,45,42,dragon,ground,20.5,4,0,"['Sand Veil', 'Rough Skin']"
90,65,68,Gabite,444,50,55,82,dragon,ground,56,4,0,"['Sand Veil', 'Rough Skin']"
170,115,108,Garchomp,445,120,95,92,dragon,ground,95,4,0,"['Sand Veil', 'Rough Skin']"
85,40,135,Munchlax,446,40,85,5,normal,,105,4,0,"['Pickup', 'Thick Fat', 'Gluttony']"
70,40,40,Riolu,447,35,40,60,fighting,,20.2,4,0,"['Steadfast', 'Inner Focus', 'Prankster']"
145,88,70,Lucario,448,140,70,112,fighting,steel,54,4,0,"['Steadfast', 'Inner Focus', 'Justified']"
72,78,68,Hippopotas,449,38,42,32,ground,,49.5,4,0,"['Sand Stream', 'Sand Force']"
112,118,108,Hippowdon,450,68,72,47,ground,,300,4,0,"['Sand Stream', 'Sand Force']"
50,90,40,Skorupi,451,30,55,65,poison,bug,12,4,0,"['Battle Armor', 'Sniper', 'Keen Eye']"
90,110,70,Drapion,452,60,75,95,poison,dark,61.5,4,0,"['Battle Armor', 'Sniper', 'Keen Eye']"
61,40,48,Croagunk,453,61,40,50,poison,fighting,23,4,0,"['Anticipation', 'Dry Skin', 'Poison Touch']"
106,65,83,Toxicroak,454,86,65,85,poison,fighting,44.4,4,0,"['Anticipation', 'Dry Skin', 'Poison Touch']"
100,72,74,Carnivine,455,90,72,46,grass,,27,4,0,['Levitate']
49,56,49,Finneon,456,49,61,66,water,,7,4,0,"['Swift Swim', 'Storm Drain', 'Water Veil']"
69,76,69,Lumineon,457,69,86,91,water,,24,4,0,"['Swift Swim', 'Storm Drain', 'Water Veil']"
20,50,45,Mantyke,458,60,120,50,water,flying,65,4,0,"['Swift Swim', 'Water Absorb', 'Water Veil']"
62,50,60,Snover,459,62,60,40,grass,ice,50.5,4,0,"['Snow Warning', 'Soundproof']"
132,105,90,Abomasnow,460,132,105,30,grass,ice,135.5,4,0,"['Snow Warning', 'Soundproof']"
120,65,70,Weavile,461,45,85,125,dark,ice,34,4,0,"['Pressure', 'Pickpocket']"
70,115,70,Magnezone,462,130,90,60,electric,steel,180,4,0,"['Magnet Pull', 'Sturdy', 'Analytic']"
85,95,110,Lickilicky,463,80,95,50,normal,,140,4,0,"['Own Tempo', 'Oblivious', 'Cloud Nine']"
140,130,115,Rhyperior,464,55,55,40,ground,rock,282.8,4,0,"['Lightningrod', 'Solid Rock', 'Reckless']"
100,125,100,Tangrowth,465,110,50,50,grass,,128.6,4,0,"['Chlorophyll', 'Leaf Guard', 'Regenerator']"
123,67,75,Electivire,466,95,85,95,electric,,138.6,4,0,"['Motor Drive', 'Vital Spirit']"
95,67,75,Magmortar,467,125,95,83,fire,,68,4,0,"['Flame Body', 'Vital Spirit']"
50,95,85,Togekiss,468,120,115,80,fairy,flying,38,4,0,"['Hustle', 'Serene Grace', 'Super Luck']"
76,86,86,Yanmega,469,116,56,95,bug,flying,51.5,4,0,"['Speed Boost', 'Tinted Lens', 'Frisk']"
110,130,65,Leafeon,470,60,65,95,grass,,25.5,4,0,"['Leaf Guard', 'Chlorophyll']"
60,110,65,Glaceon,471,130,95,65,ice,,25.9,4,0,"['Snow Cloak', 'Ice Body']"
95,125,75,Gliscor,472,45,75,95,ground,flying,42.5,4,0,"['Hyper Cutter', 'Sand Veil', 'Poison Heal']"
130,80,110,Mamoswine,473,70,60,80,ice,ground,291,4,0,"['Oblivious', 'Snow Cloak', 'Thick Fat']"
80,70,85,Porygon-Z,474,135,75,90,normal,,34,4,0,"['Adaptability', 'Download', 'Analytic']"
165,95,68,Gallade,475,65,115,110,psychic,fighting,52,4,0,"['Steadfast', 'Justified']"
55,145,60,Probopass,476,75,150,40,rock,steel,340,4,0,"['Sturdy', 'Magnet Pull', 'Sand Force']"
100,135,45,Dusknoir,477,65,135,45,ghost,,106.6,4,0,"['Pressure', 'Frisk']"
80,70,70,Froslass,478,80,70,110,ice,ghost,26.6,4,0,"['Snow Cloak', 'Cursed Body']"
65,107,50,Rotom,479,105,107,86,electric,ghost,0.3,4,0,['Levitate']
75,130,75,Uxie,480,75,130,95,psychic,,0.3,4,1,['Levitate']
105,105,80,Mesprit,481,105,105,80,psychic,,0.3,4,1,['Levitate']
125,70,75,Azelf,482,125,70,115,psychic,,0.3,4,1,['Levitate']
120,120,100,Dialga,483,150,100,90,steel,dragon,683,4,1,"['Pressure', 'Telepathy']"
120,100,90,Palkia,484,150,120,100,water,dragon,336,4,1,"['Pressure', 'Telepathy']"
90,106,91,Heatran,485,130,106,77,fire,steel,430,4,1,"['Flash Fire', 'Flame Body']"
160,110,110,Regigigas,486,80,110,100,normal,,420,4,1,['Slow Start']
120,100,150,Giratina,487,120,100,90,ghost,dragon,750,4,1,"['Pressure', 'Telepathy', 'Levitate']"
70,120,120,Cresselia,488,75,130,85,psychic,,85.6,4,1,['Levitate']
80,80,80,Phione,489,80,80,80,water,,3.1,4,0,['Hydration']
100,100,100,Manaphy,490,100,100,100,water,,1.4,4,1,['Hydration']
90,90,70,Darkrai,491,135,90,125,dark,,50.5,4,1,['Bad Dreams']
103,75,100,Shaymin,492,120,75,127,grass,grass,2.1,4,1,"['Natural Cure', 'Serene Grace']"
120,120,120,Arceus,493,120,120,120,normal,,320,4,1,['Multitype']
100,100,100,Victini,494,100,100,100,psychic,fire,4,5,1,['Victory Star']
45,55,45,Snivy,495,45,55,63,grass,,8.1,5,0,"['Overgrow', 'Contrary']"
60,75,60,Servine,496,60,75,83,grass,,16,5,0,"['Overgrow', 'Contrary']"
75,95,75,Serperior,497,75,95,113,grass,,63,5,0,"['Overgrow', 'Contrary']"
63,45,65,Tepig,498,45,45,45,fire,,9.9,5,0,"['Blaze', 'Thick Fat']"
93,55,90,Pignite,499,70,55,55,fire,fighting,55.5,5,0,"['Blaze', 'Thick Fat']"
123,65,110,Emboar,500,100,65,65,fire,fighting,150,5,0,"['Blaze', 'Reckless']"
55,45,55,Oshawott,501,63,45,45,water,,5.9,5,0,"['Torrent', 'Shell Armor']"
75,60,75,Dewott,502,83,60,60,water,,24.5,5,0,"['Torrent', 'Shell Armor']"
100,85,95,Samurott,503,108,70,70,water,,94.6,5,0,"['Torrent', 'Shell Armor']"
55,39,45,Patrat,504,35,39,42,normal,,11.6,5,0,"['Run Away', 'Keen Eye', 'Analytic']"
85,69,60,Watchog,505,60,69,77,normal,,27,5,0,"['Illuminate', 'Keen Eye', 'Analytic']"
60,45,45,Lillipup,506,25,45,55,normal,,4.1,5,0,"['Vital Spirit', 'Pickup', 'Run Away']"
80,65,65,Herdier,507,35,65,60,normal,,14.7,5,0,"['Intimidate', 'Sand Rush', 'Scrappy']"
110,90,85,Stoutland,508,45,90,80,normal,,61,5,0,"['Intimidate', 'Sand Rush', 'Scrappy']"
50,37,41,Purrloin,509,50,37,66,dark,,10.1,5,0,"['Limber', 'Unburden', 'Prankster']"
88,50,64,Liepard,510,88,50,106,dark,,37.5,5,0,"['Limber', 'Unburden', 'Prankster']"
53,48,50,Pansage,511,53,48,64,grass,,10.5,5,0,"['Gluttony', 'Overgrow']"
98,63,75,Simisage,512,98,63,101,grass,,30.5,5,0,"['Gluttony', 'Overgrow']"
53,48,50,Pansear,513,53,48,64,fire,,11,5,0,"['Gluttony', 'Blaze']"
98,63,75,Simisear,514,98,63,101,fire,,28,5,0,"['Gluttony', 'Blaze']"
53,48,50,Panpour,515,53,48,64,water,,13.5,5,0,"['Gluttony', 'Torrent']"
98,63,75,Simipour,516,98,63,101,water,,29,5,0,"['Gluttony', 'Torrent']"
25,45,76,Munna,517,67,55,24,psychic,,23.3,5,0,"['Forewarn', 'Synchronize', 'Telepathy']"
55,85,116,Musharna,518,107,95,29,psychic,,60.5,5,0,"['Forewarn', 'Synchronize', 'Telepathy']"
55,50,50,Pidove,519,36,30,43,normal,flying,2.1,5,0,"['Big Pecks', 'Super Luck', 'Rivalry']"
77,62,62,Tranquill,520,50,42,65,normal,flying,15,5,0,"['Big Pecks', 'Super Luck', 'Rivalry']"
115,80,80,Unfezant,521,65,55,93,normal,flying,29,5,0,"['Big Pecks', 'Super Luck', 'Rivalry']"
60,32,45,Blitzle,522,50,32,76,electric,,29.8,5,0,"['Lightningrod', 'Motor Drive', 'Sap Sipper']"
100,63,75,Zebstrika,523,80,63,116,electric,,79.5,5,0,"['Lightningrod', 'Motor Drive', 'Sap Sipper']"
75,85,55,Roggenrola,524,25,25,15,rock,,18,5,0,"['Sturdy', 'Weak Armor', 'Sand Force']"
105,105,70,Boldore,525,50,40,20,rock,,102,5,0,"['Sturdy', 'Weak Armor', 'Sand Force']"
135,130,85,Gigalith,526,60,80,25,rock,,260,5,0,"['Sturdy', 'Sand Stream', 'Sand Force']"
45,43,65,Woobat,527,55,43,72,psychic,flying,2.1,5,0,"['Unaware', 'Klutz', 'Simple']"
57,55,67,Swoobat,528,77,55,114,psychic,flying,10.5,5,0,"['Unaware', 'Klutz', 'Simple']"
85,40,60,Drilbur,529,30,45,68,ground,,8.5,5,0,"['Sand Rush', 'Sand Force', 'Mold Breaker']"
135,60,110,Excadrill,530,50,65,88,ground,steel,40.4,5,0,"['Sand Rush', 'Sand Force', 'Mold Breaker']"
60,126,103,Audino,531,80,126,50,normal,,31,5,0,"['Healer', 'Regenerator', 'Klutz']"
80,55,75,Timburr,532,25,35,35,fighting,,12.5,5,0,"['Guts', 'Sheer Force', 'Iron Fist']"
105,85,85,Gurdurr,533,40,50,40,fighting,,40,5,0,"['Guts', 'Sheer Force', 'Iron Fist']"
140,95,105,Conkeldurr,534,55,65,45,fighting,,87,5,0,"['Guts', 'Sheer Force', 'Iron Fist']"
50,40,50,Tympole,535,50,40,64,water,,4.5,5,0,"['Swift Swim', 'Hydration', 'Water Absorb']"
65,55,75,Palpitoad,536,65,55,69,water,ground,17,5,0,"['Swift Swim', 'Hydration', 'Water Absorb']"
95,75,105,Seismitoad,537,85,75,74,water,ground,62,5,0,"['Swift Swim', 'Poison Touch', 'Water Absorb']"
100,85,120,Throh,538,30,85,45,fighting,,55.5,5,0,"['Guts', 'Inner Focus', 'Mold Breaker']"
125,75,75,Sawk,539,30,75,85,fighting,,51,5,0,"['Sturdy', 'Inner Focus', 'Mold Breaker']"
53,70,45,Sewaddle,540,40,60,42,bug,grass,2.5,5,0,"['Swarm', 'Chlorophyll', 'Overcoat']"
63,90,55,Swadloon,541,50,80,42,bug,grass,7.3,5,0,"['Leaf Guard', 'Chlorophyll', 'Overcoat']"
103,80,75,Leavanny,542,70,80,92,bug,grass,20.5,5,0,"['Swarm', 'Chlorophyll', 'Overcoat']"
45,59,30,Venipede,543,30,39,57,bug,poison,5.3,5,0,"['Poison Point', 'Swarm', 'Speed Boost']"
55,99,40,Whirlipede,544,40,79,47,bug,poison,58.5,5,0,"['Poison Point', 'Swarm', 'Speed Boost']"
100,89,60,Scolipede,545,55,69,112,bug,poison,200.5,5,0,"['Poison Point', 'Swarm', 'Speed Boost']"
27,60,40,Cottonee,546,37,50,66,grass,fairy,0.6,5,0,"['Prankster', 'Infiltrator', 'Chlorophyll']"
67,85,60,Whimsicott,547,77,75,116,grass,fairy,6.6,5,0,"['Prankster', 'Infiltrator', 'Chlorophyll']"
35,50,45,Petilil,548,70,50,30,grass,,6.6,5,0,"['Chlorophyll', 'Own Tempo', 'Leaf Guard']"
60,75,70,Lilligant,549,110,75,90,grass,,16.3,5,0,"['Chlorophyll', 'Own Tempo', 'Leaf Guard']"
92,65,70,Basculin,550,80,55,98,water,,18,5,0,"['Reckless', 'Rock Head', 'Adaptability', 'Mold Breaker']"
72,35,50,Sandile,551,35,35,65,ground,dark,15.2,5,0,"['Intimidate', 'Moxie', 'Anger Point']"
82,45,60,Krokorok,552,45,45,74,ground,dark,33.4,5,0,"['Intimidate', 'Moxie', 'Anger Point']"
117,80,95,Krookodile,553,65,70,92,ground,dark,96.3,5,0,"['Intimidate', 'Moxie', 'Anger Point']"
90,45,70,Darumaka,554,15,45,50,fire,,37.5,5,0,"['Hustle', 'Inner Focus']"
30,105,105,Darmanitan,555,140,105,55,fire,fire,92.9,5,0,"['Sheer Force', 'Zen Mode']"
86,67,75,Maractus,556,106,67,60,grass,,28,5,0,"['Water Absorb', 'Chlorophyll', 'Storm Drain']"
65,85,50,Dwebble,557,35,35,55,bug,rock,14.5,5,0,"['Sturdy', 'Shell Armor', 'Weak Armor']"
105,125,70,Crustle,558,65,75,45,bug,rock,200,5,0,"['Sturdy', 'Shell Armor', 'Weak Armor']"
75,70,50,Scraggy,559,35,70,48,dark,fighting,11.8,5,0,"['Shed Skin', 'Moxie', 'Intimidate']"
90,115,65,Scrafty,560,45,115,58,dark,fighting,30,5,0,"['Shed Skin', 'Moxie', 'Intimidate']"
58,80,72,Sigilyph,561,103,80,97,psychic,flying,14,5,0,"['Wonder Skin ', 'Magic Guard', 'Tinted Lens']"
30,85,38,Yamask,562,55,65,30,ghost,,1.5,5,0,['Mummy']
50,145,58,Cofagrigus,563,95,105,30,ghost,,76.5,5,0,['Mummy']
78,103,54,Tirtouga,564,53,45,22,water,rock,16.5,5,0,"['Solid Rock', 'Sturdy', 'Swift Swim']"
108,133,74,Carracosta,565,83,65,32,water,rock,81,5,0,"['Solid Rock', 'Sturdy', 'Swift Swim']"
112,45,55,Archen,566,74,45,70,rock,flying,9.5,5,0,['Defeatist']
140,65,75,Archeops,567,112,65,110,rock,flying,32,5,0,['Defeatist']
50,62,50,Trubbish,568,40,62,65,poison,,31,5,0,"['Stench', 'Sticky Hold', 'Aftermath']"
95,82,80,Garbodor,569,60,82,75,poison,,107.3,5,0,"['Stench', 'Weak Armor', 'Aftermath']"
65,40,40,Zorua,570,80,40,65,dark,,12.5,5,0,['Illusion']
105,60,60,Zoroark,571,120,60,105,dark,,81.1,5,0,['Illusion']
50,40,55,Minccino,572,40,40,75,normal,,5.8,5,0,"['Cute Charm', 'Technician', 'Skill Link']"
95,60,75,Cinccino,573,65,60,115,normal,,7.5,5,0,"['Cute Charm', 'Technician', 'Skill Link']"
30,50,45,Gothita,574,55,65,45,psychic,,5.8,5,0,"['Frisk', 'Competitive', 'Shadow Tag']"
45,70,60,Gothorita,575,75,85,55,psychic,,18,5,0,"['Frisk', 'Competitive', 'Shadow Tag']"
55,95,70,Gothitelle,576,95,110,65,psychic,,44,5,0,"['Frisk', 'Competitive', 'Shadow Tag']"
30,40,45,Solosis,577,105,50,20,psychic,,1,5,0,"['Overcoat', 'Magic Guard', 'Regenerator']"
40,50,65,Duosion,578,125,60,30,psychic,,8,5,0,"['Overcoat', 'Magic Guard', 'Regenerator']"
65,75,110,Reuniclus,579,125,85,30,psychic,,20.1,5,0,"['Overcoat', 'Magic Guard', 'Regenerator']"
44,50,62,Ducklett,580,44,50,55,water,flying,5.5,5,0,"['Keen Eye', 'Big Pecks', 'Hydration']"
87,63,75,Swanna,581,87,63,98,water,flying,24.2,5,0,"['Keen Eye', 'Big Pecks', 'Hydration']"
50,50,36,Vanillite,582,65,60,44,ice,,5.7,5,0,"['Ice Body', 'Snow Cloak', 'Weak Armor']"
65,65,51,Vanillish,583,80,75,59,ice,,41,5,0,"['Ice Body', 'Snow Cloak', 'Weak Armor']"
95,85,71,Vanilluxe,584,110,95,79,ice,,57.5,5,0,"['Ice Body', 'Snow Warning', 'Weak Armor']"
60,50,60,Deerling,585,40,50,75,normal,grass,19.5,5,0,"['Chlorophyll', 'Sap Sipper', 'Serene Grace']"
100,70,80,Sawsbuck,586,60,70,95,normal,grass,92.5,5,0,"['Chlorophyll', 'Sap Sipper', 'Serene Grace']"
75,60,55,Emolga,587,75,60,103,electric,flying,5,5,0,"['Static', 'Motor Drive']"
75,45,50,Karrablast,588,40,45,60,bug,,5.9,5,0,"['Swarm', 'Shed Skin', 'No Guard']"
135,105,70,Escavalier,589,60,105,20,bug,steel,33,5,0,"['Swarm', 'Shell Armor', 'Overcoat']"
55,45,69,Foongus,590,55,55,15,grass,poison,1,5,0,"['Effect Spore', 'Regenerator']"
85,70,114,Amoonguss,591,85,80,30,grass,poison,10.5,5,0,"['Effect Spore', 'Regenerator']"
40,50,55,Frillish,592,65,85,40,water,ghost,33,5,0,"['Water Absorb', 'Cursed Body', 'Damp']"
60,70,100,Jellicent,593,85,105,60,water,ghost,135,5,0,"['Water Absorb', 'Cursed Body', 'Damp']"
75,80,165,Alomomola,594,40,45,65,water,,31.6,5,0,"['Healer', 'Hydration', 'Regenerator']"
47,50,50,Joltik,595,57,50,65,bug,electric,0.6,5,0,"['Compoundeyes', 'Unnerve', 'Swarm']"
77,60,70,Galvantula,596,97,60,108,bug,electric,14.3,5,0,"['Compoundeyes', 'Unnerve', 'Swarm']"
50,91,44,Ferroseed,597,24,86,10,grass,steel,18.8,5,0,['Iron Barbs']
94,131,74,Ferrothorn,598,54,116,20,grass,steel,110,5,0,"['Iron Barbs', 'Anticipation']"
55,70,40,Klink,599,45,60,30,steel,,21,5,0,"['Plus', 'Minus', 'Clear Body']"
80,95,60,Klang,600,70,85,50,steel,,51,5,0,"['Plus', 'Minus', 'Clear Body']"
100,115,60,Klinklang,601,70,85,90,steel,,81,5,0,"['Plus', 'Minus', 'Clear Body']"
55,40,35,Tynamo,602,45,40,60,electric,,0.3,5,0,['Levitate']
85,70,65,Eelektrik,603,75,70,40,electric,,22,5,0,['Levitate']
115,80,85,Eelektross,604,105,80,50,electric,,80.5,5,0,['Levitate']
55,55,55,Elgyem,605,85,55,30,psychic,,9,5,0,"['Telepathy', 'Synchronize', 'Analytic']"
75,75,75,Beheeyem,606,125,95,40,psychic,,34.5,5,0,"['Telepathy', 'Synchronize', 'Analytic']"
30,55,50,Litwick,607,65,55,20,ghost,fire,3.1,5,0,"['Flash Fire', 'Flame Body', 'Infiltrator']"
40,60,60,Lampent,608,95,60,55,ghost,fire,13,5,0,"['Flash Fire', 'Flame Body', 'Infiltrator']"
55,90,60,Chandelure,609,145,90,80,ghost,fire,34.3,5,0,"['Flash Fire', 'Flame Body', 'Infiltrator']"
87,60,46,Axew,610,30,40,57,dragon,,18,5,0,"['Rivalry', 'Mold Breaker', 'Unnerve']"
117,70,66,Fraxure,611,40,50,67,dragon,,36,5,0,"['Rivalry', 'Mold Breaker', 'Unnerve']"
147,90,76,Haxorus,612,60,70,97,dragon,,105.5,5,0,"['Rivalry', 'Mold Breaker', 'Unnerve']"
70,40,55,Cubchoo,613,60,40,40,ice,,8.5,5,0,"['Snow Cloak', 'Slush Rush', 'Rattled']"
130,80,95,Beartic,614,70,80,50,ice,,260,5,0,"['Snow Cloak', 'Slush Rush', 'Swift Swim']"
50,50,80,Cryogonal,615,95,135,105,ice,,148,5,0,['Levitate']
40,85,50,Shelmet,616,40,65,25,bug,,7.7,5,0,"['Hydration', 'Shell Armor', 'Overcoat']"
70,40,80,Accelgor,617,100,60,145,bug,,25.3,5,0,"['Hydration', 'Sticky Hold', 'Unburden']"
66,84,109,Stunfisk,618,81,99,32,ground,electric,11,5,0,"['Static', 'Limber', 'Sand Veil']"
85,50,45,Mienfoo,619,55,50,65,fighting,,20,5,0,"['Inner Focus', 'Regenerator', 'Reckless']"
125,60,65,Mienshao,620,95,60,105,fighting,,35.5,5,0,"['Inner Focus', 'Regenerator', 'Reckless']"
120,90,77,Druddigon,621,60,90,48,dragon,,139,5,0,"['Rough Skin', 'Sheer Force', 'Mold Breaker']"
74,50,59,Golett,622,35,50,35,ground,ghost,92,5,0,"['Iron Fist', 'Klutz', 'No Guard']"
124,80,89,Golurk,623,55,80,55,ground,ghost,330,5,0,"['Iron Fist', 'Klutz', 'No Guard']"
85,70,45,Pawniard,624,40,40,60,dark,steel,10.2,5,0,"['Defiant', 'Inner Focus', 'Pressure']"
125,100,65,Bisharp,625,60,70,70,dark,steel,70,5,0,"['Defiant', 'Inner Focus', 'Pressure']"
110,95,95,Bouffalant,626,40,95,55,normal,,94.6,5,0,"['Reckless', 'Sap Sipper', 'Soundproof']"
83,50,70,Rufflet,627,37,50,60,normal,flying,10.5,5,0,"['Keen Eye', 'Sheer Force', 'Hustle']"
123,75,100,Braviary,628,57,75,80,normal,flying,41,5,0,"['Keen Eye', 'Sheer Force', 'Defiant']"
55,75,70,Vullaby,629,45,65,60,dark,flying,9,5,0,"['Big Pecks', 'Overcoat', 'Weak Armor']"
65,105,110,Mandibuzz,630,55,95,80,dark,flying,39.5,5,0,"['Big Pecks', 'Overcoat', 'Weak Armor']"
97,66,85,Heatmor,631,105,66,65,fire,,58,5,0,"['Gluttony', 'Flash Fire', 'White Smoke']"
109,112,58,Durant,632,48,48,109,bug,steel,33,5,0,"['Swarm', 'Hustle', 'Truant']"
65,50,52,Deino,633,45,50,38,dark,dragon,17.3,5,0,['Hustle']
85,70,72,Zweilous,634,65,70,58,dark,dragon,50,5,0,['Hustle']
105,90,92,Hydreigon,635,125,90,98,dark,dragon,160,5,0,['Levitate']
85,55,55,Larvesta,636,50,55,60,bug,fire,28.8,5,0,"['Flame Body', 'Swarm']"
60,65,85,Volcarona,637,135,105,100,bug,fire,46,5,0,"['Flame Body', 'Swarm']"
90,129,91,Cobalion,638,90,72,108,steel,fighting,250,5,1,['Justified']
129,90,91,Terrakion,639,72,90,108,rock,fighting,260,5,1,['Justified']
90,72,91,Virizion,640,90,129,108,grass,fighting,200,5,1,['Justified']
100,80,79,Tornadus,641,110,90,121,flying,,63,5,1,"['Prankster', 'Defiant', 'Regenerator']"
105,70,79,Thundurus,642,145,80,101,electric,flying,61,5,1,"['Prankster', 'Defiant', 'Volt Absorb']"
120,100,100,Reshiram,643,150,120,90,dragon,fire,330,5,1,['Turboblaze']
150,120,100,Zekrom,644,120,100,90,dragon,electric,345,5,1,['Teravolt']
145,90,89,Landorus,645,105,80,91,ground,flying,68,5,1,"['Sand Force', 'Sheer Force', 'Intimidate']"
120,90,125,Kyurem,646,170,100,95,dragon,ice,325,5,1,"['Pressure', 'Teravolt', 'Turboblaze']"
72,90,91,Keldeo,647,129,90,108,water,fighting,48.5,5,1,['Justified']
128,90,100,Meloetta,648,77,77,128,normal,psychic,6.5,5,1,['Serene Grace']
120,95,71,Genesect,649,120,95,99,bug,steel,82.5,5,1,['Download']
61,65,56,Chespin,650,48,45,38,grass,,9,6,0,"['Overgrow', 'Bulletproof']"
78,95,61,Quilladin,651,56,58,57,grass,,29,6,0,"['Overgrow', 'Bulletproof']"
107,122,88,Chesnaught,652,74,75,64,grass,fighting,90,6,0,"['Overgrow', 'Bulletproof']"
45,40,40,Fennekin,653,62,60,60,fire,,9.4,6,0,"['Blaze', 'Magician']"
59,58,59,Braixen,654,90,70,73,fire,,14.5,6,0,"['Blaze', 'Magician']"
69,72,75,Delphox,655,114,100,104,fire,psychic,39,6,0,"['Blaze', 'Magician']"
56,40,41,Froakie,656,62,44,71,water,,7,6,0,"['Torrent', 'Protean']"
63,52,54,Frogadier,657,83,56,97,water,,10.9,6,0,"['Torrent', 'Protean']"
145,67,72,Greninja,658,153,71,132,water,dark,40,6,0,"['Torrent', 'Protean', 'Battle Bond']"
36,38,38,Bunnelby,659,32,36,57,normal,,5,6,0,"['Pickup', 'Cheek Pouch', 'Huge Power']"
56,77,85,Diggersby,660,50,77,78,normal,ground,42.4,6,0,"['Pickup', 'Cheek Pouch', 'Huge Power']"
50,43,45,Fletchling,661,40,38,62,normal,flying,1.7,6,0,"['Big Pecks', 'Gale Wings']"
73,55,62,Fletchinder,662,56,52,84,fire,flying,16,6,0,"['Flame Body', 'Gale Wings']"
81,71,78,Talonflame,663,74,69,126,fire,flying,24.5,6,0,"['Flame Body', 'Gale Wings']"
35,40,38,Scatterbug,664,27,25,35,bug,,2.5,6,0,"['Shield Dust', 'Compoundeyes', 'Friend Guard']"
22,60,45,Spewpa,665,27,30,29,bug,,8.4,6,0,"['Shed Skin', 'Friend Guard']"
52,50,80,Vivillon,666,90,50,89,bug,flying,17,6,0,"['Shield Dust', 'Compoundeyes', 'Friend Guard']"
50,58,62,Litleo,667,73,54,72,fire,normal,13.5,6,0,"['Rivalry', 'Unnerve', 'Moxie']"
68,72,86,Pyroar,668,109,66,106,fire,normal,81.5,6,0,"['Rivalry', 'Unnerve', 'Moxie']"
38,39,44,Flabébé,669,61,79,42,fairy,,0.1,6,0,"['Flower Veil', 'Symbiosis']"
65,67,74,Floette,670,125,128,92,fairy,,0.9,6,0,"['Flower Veil', 'Symbiosis']"
65,68,78,Florges,671,112,154,75,fairy,,10,6,0,"['Flower Veil', 'Symbiosis']"
65,48,66,Skiddo,672,62,57,52,grass,,31,6,0,"['Sap Sipper', 'Grass Pelt']"
100,62,123,Gogoat,673,97,81,68,grass,,91,6,0,"['Sap Sipper', 'Grass Pelt']"
82,62,67,Pancham,674,46,48,43,fighting,,8,6,0,"['Iron Fist', 'Mold Breaker', 'Scrappy']"
124,78,95,Pangoro,675,69,71,58,fighting,dark,136,6,0,"['Iron Fist', 'Mold Breaker', 'Scrappy']"
80,60,75,Furfrou,676,65,90,102,normal,,28,6,0,['Fur Coat']
48,54,62,Espurr,677,63,60,68,psychic,,3.5,6,0,"['Keen Eye', 'Infiltrator', 'Own Tempo']"
48,76,74,Meowstic,678,83,81,104,psychic,,8.5,6,0,"['Keen Eye', 'Infiltrator', 'Prankster', 'Competitive']"
80,100,45,Honedge,679,35,37,28,steel,ghost,2,6,0,['No Guard']
110,150,59,Doublade,680,45,49,35,steel,ghost,4.5,6,0,['No Guard']
150,50,60,Aegislash,681,150,50,60,steel,ghost,53,6,0,['Stance Change']
52,60,78,Spritzee,682,63,65,23,fairy,,0.5,6,0,"['Healer', 'Aroma Veil']"
72,72,101,Aromatisse,683,99,89,29,fairy,,15.5,6,0,"['Healer', 'Aroma Veil']"
48,66,62,Swirlix,684,59,57,49,fairy,,3.5,6,0,"['Sweet Veil', 'Unburden']"
80,86,82,Slurpuff,685,85,75,72,fairy,,5,6,0,"['Sweet Veil', 'Unburden']"
54,53,53,Inkay,686,37,46,45,dark,psychic,3.5,6,0,"['Contrary', 'Suction Cups', 'Infiltrator']"
92,88,86,Malamar,687,68,75,73,dark,psychic,47,6,0,"['Contrary', 'Suction Cups', 'Infiltrator']"
52,67,42,Binacle,688,39,56,50,rock,water,31,6,0,"['Tough Claws', 'Sniper', 'Pickpocket']"
105,115,72,Barbaracle,689,54,86,68,rock,water,96,6,0,"['Tough Claws', 'Sniper', 'Pickpocket']"
60,60,50,Skrelp,690,60,60,30,poison,water,7.3,6,0,"['Poison Point', 'Poison Touch', 'Adaptability']"
75,90,65,Dragalge,691,97,123,44,poison,dragon,81.5,6,0,"['Poison Point', 'Poison Touch', 'Adaptability']"
53,62,50,Clauncher,692,58,63,44,water,,8.3,6,0,['Mega Launcher']
73,88,71,Clawitzer,693,120,89,59,water,,35.3,6,0,['Mega Launcher']
38,33,44,Helioptile,694,61,43,70,electric,normal,6,6,0,"['Dry Skin', 'Sand Veil', 'Solar Power']"
55,52,62,Heliolisk,695,109,94,109,electric,normal,21,6,0,"['Dry Skin', 'Sand Veil', 'Solar Power']"
89,77,58,Tyrunt,696,45,45,48,rock,dragon,26,6,0,"['Strong Jaw', 'Sturdy']"
121,119,82,Tyrantrum,697,69,59,71,rock,dragon,270,6,0,"['Strong Jaw', 'Rock Head']"
59,50,77,Amaura,698,67,63,46,rock,ice,25.2,6,0,"['Refrigerate', 'Snow Warning']"
77,72,123,Aurorus,699,99,92,58,rock,ice,225,6,0,"['Refrigerate', 'Snow Warning']"
65,65,95,Sylveon,700,110,130,60,fairy,,23.5,6,0,"['Cute Charm', 'Pixilate']"
92,75,78,Hawlucha,701,74,63,118,fighting,flying,21.5,6,0,"['Limber', 'Unburden', 'Mold Breaker']"
58,57,67,Dedenne,702,81,67,101,electric,fairy,2.2,6,0,"['Cheek Pouch', 'Pickup', 'Plus']"
50,150,50,Carbink,703,50,150,50,rock,fairy,5.7,6,0,"['Clear Body', 'Sturdy']"
50,35,45,Goomy,704,55,75,40,dragon,,2.8,6,0,"['Sap Sipper', 'Hydration', 'Gooey']"
75,53,68,Sliggoo,705,83,113,60,dragon,,17.5,6,0,"['Sap Sipper', 'Hydration', 'Gooey']"
100,70,90,Goodra,706,110,150,80,dragon,,150.5,6,0,"['Sap Sipper', 'Hydration', 'Gooey']"
80,91,57,Klefki,707,80,87,75,steel,fairy,3,6,0,"['Prankster', 'Magician']"
70,48,43,Phantump,708,50,60,38,ghost,grass,7,6,0,"['Natural Cure', 'Frisk', 'Harvest']"
110,76,85,Trevenant,709,65,82,56,ghost,grass,71,6,0,"['Natural Cure', 'Frisk', 'Harvest']"
66,70,59,Pumpkaboo,710,44,55,41,ghost,grass,15,6,0,"['Pickup', 'Frisk', 'Insomnia']"
100,122,85,Gourgeist,711,58,75,54,ghost,grass,39,6,0,"['Pickup', 'Frisk', 'Insomnia']"
69,85,55,Bergmite,712,32,35,28,ice,,99.5,6,0,"['Own Tempo', 'Ice Body', 'Sturdy']"
117,184,95,Avalugg,713,44,46,28,ice,,505,6,0,"['Own Tempo', 'Ice Body', 'Sturdy']"
30,35,40,Noibat,714,45,40,55,flying,dragon,8,6,0,"['Frisk', 'Infiltrator', 'Telepathy']"
70,80,85,Noivern,715,97,80,123,flying,dragon,85,6,0,"['Frisk', 'Infiltrator', 'Telepathy']"
131,95,126,Xerneas,716,131,98,99,fairy,,215,6,1,['Fairy Aura']
131,95,126,Yveltal,717,131,98,99,dark,flying,203,6,1,['Dark Aura']
100,121,216,Zygarde,718,91,95,85,dragon,ground,284.6,6,1,"['Aura Break', 'Power Construct']"
160,110,50,Diancie,719,160,110,110,rock,fairy,8.8,6,1,['Clear Body']
160,60,80,Hoopa,720,170,130,80,psychic,ghost,,6,1,['Magician']
110,120,80,Volcanion,721,130,90,70,fire,water,195,6,1,['Water Absorb']
55,55,68,Rowlet,722,50,50,42,grass,flying,1.5,7,0,"['Overgrow', 'Long Reach']"
75,75,78,Dartrix,723,70,70,52,grass,flying,16,7,0,"['Overgrow', 'Long Reach']"
107,75,78,Decidueye,724,100,100,70,grass,ghost,36.6,7,0,"['Overgrow', 'Long Reach']"
65,40,45,Litten,725,60,40,70,fire,,4.3,7,0,"['Blaze', 'Intimidate']"
85,50,65,Torracat,726,80,50,90,fire,,25,7,0,"['Blaze', 'Intimidate']"
115,90,95,Incineroar,727,80,90,60,fire,dark,83,7,0,"['Blaze', 'Intimidate']"
54,54,50,Popplio,728,66,56,40,water,,7.5,7,0,"['Torrent', 'Liquid Voice']"
69,69,60,Brionne,729,91,81,50,water,,17.5,7,0,"['Torrent', 'Liquid Voice']"
74,74,80,Primarina,730,126,116,60,water,fairy,44,7,0,"['Torrent', 'Liquid Voice']"
75,30,35,Pikipek,731,30,30,65,normal,flying,1.2,7,0,"['Keen Eye', 'Skill Link', 'Pickup']"
85,50,55,Trumbeak,732,40,50,75,normal,flying,14.8,7,0,"['Keen Eye', 'Skill Link', 'Pickup']"
120,75,80,Toucannon,733,75,75,60,normal,flying,26,7,0,"['Keen Eye', 'Skill Link', 'Sheer Force']"
70,30,48,Yungoos,734,30,30,45,normal,,6,7,0,"['Stakeout', 'Strong Jaw', 'Adaptability']"
110,60,88,Gumshoos,735,55,60,45,normal,,14.2,7,0,"['Stakeout', 'Strong Jaw', 'Adaptability']"
62,45,47,Grubbin,736,55,45,46,bug,,4.4,7,0,['Swarm']
82,95,57,Charjabug,737,55,75,36,bug,electric,10.5,7,0,['Battery']
70,90,77,Vikavolt,738,145,75,43,bug,electric,45,7,0,['Levitate']
82,57,47,Crabrawler,739,42,47,63,fighting,,7,7,0,"['Hyper Cutter', 'Iron Fist', 'Anger Point']"
132,77,97,Crabominable,740,62,67,43,fighting,ice,180,7,0,"['Hyper Cutter', 'Iron Fist', 'Anger Point']"
70,70,75,Oricorio,741,98,70,93,fire,flying,3.4,7,0,['Dancer']
45,40,40,Cutiefly,742,55,40,84,bug,fairy,0.2,7,0,"['Honey Gather', 'Shield Dust', 'Sweet Veil']"
55,60,60,Ribombee,743,95,70,124,bug,fairy,0.5,7,0,"['Honey Gather', 'Shield Dust', 'Sweet Veil']"
65,40,45,Rockruff,744,30,40,60,rock,,9.2,7,0,"['Keen Eye', 'Vital Spirit', 'Steadfast']"
115,75,85,Lycanroc,745,55,75,82,rock,,,7,0,"['Keen Eye', 'Sand Rush', 'Steadfast', 'Keen Eye', 'Vital Spirit', 'No Guard']"
140,130,45,Wishiwashi,746,140,135,30,water,,0.3,7,0,['Schooling']
53,62,50,Mareanie,747,43,52,45,poison,water,8,7,0,"['Merciless', 'Limber', 'Regenerator']"
63,152,50,Toxapex,748,53,142,35,poison,water,14.5,7,0,"['Merciless', 'Limber', 'Regenerator']"
100,70,70,Mudbray,749,45,55,45,ground,,110,7,0,"['Own Tempo', 'Stamina', 'Inner Focus']"
125,100,100,Mudsdale,750,55,85,35,ground,,920,7,0,"['Own Tempo', 'Stamina', 'Inner Focus']"
40,52,38,Dewpider,751,40,72,27,water,bug,4,7,0,"['Water Bubble', 'Water Absorb']"
70,92,68,Araquanid,752,50,132,42,water,bug,82,7,0,"['Water Bubble', 'Water Absorb']"
55,35,40,Fomantis,753,50,35,35,grass,,1.5,7,0,"['Leaf Guard', 'Contrary']"
105,90,70,Lurantis,754,80,90,45,grass,,18.5,7,0,"['Leaf Guard', 'Contrary']"
35,55,40,Morelull,755,65,75,15,grass,fairy,1.5,7,0,"['Illuminate', 'Effect Spore', 'Rain Dish']"
45,80,60,Shiinotic,756,90,100,30,grass,fairy,11.5,7,0,"['Illuminate', 'Effect Spore', 'Rain Dish']"
44,40,48,Salandit,757,71,40,77,poison,fire,4.8,7,0,"['Corrosion', 'Oblivious']"
64,60,68,Salazzle,758,111,60,117,poison,fire,22.2,7,0,"['Corrosion', 'Oblivious']"
75,50,70,Stufful,759,45,50,50,normal,fighting,6.8,7,0,"['Fluffy', 'Klutz', 'Cute Charm']"
125,80,120,Bewear,760,55,60,60,normal,fighting,135,7,0,"['Fluffy', 'Klutz', 'Unnerve']"
30,38,42,Bounsweet,761,30,38,32,grass,,3.2,7,0,"['Leaf Guard', 'Oblivious', 'Sweet Veil']"
40,48,52,Steenee,762,40,48,62,grass,,8.2,7,0,"['Leaf Guard', 'Oblivious', 'Sweet Veil']"
120,98,72,Tsareena,763,50,98,72,grass,,21.4,7,0,"['Leaf Guard', 'Queenly Majesty', 'Sweet Veil']"
52,90,51,Comfey,764,82,110,100,fairy,,0.3,7,0,"['Flower Veil', 'Triage', 'Natural Cure']"
60,80,90,Oranguru,765,90,110,60,normal,psychic,76,7,0,"['Inner Focus', 'Telepathy', 'Symbiosis']"
120,90,100,Passimian,766,40,60,80,fighting,,82.8,7,0,"['Receiver', 'Defiant']"
35,40,25,Wimpod,767,20,30,80,bug,water,12,7,0,['Wimp Out']
125,140,75,Golisopod,768,60,90,40,bug,water,108,7,0,['Emergency Exit']
55,80,55,Sandygast,769,70,45,15,ghost,ground,70,7,0,"['Water Compaction', 'Sand Veil']"
75,110,85,Palossand,770,100,75,35,ghost,ground,250,7,0,"['Water Compaction', 'Sand Veil']"
60,130,55,Pyukumuku,771,30,130,5,water,,1.2,7,0,"['Innards Out', 'Unaware']"
95,95,95,Type: Null,772,95,95,59,normal,,120.5,7,0,['Battle Armor']
95,95,95,Silvally,773,95,95,95,normal,,100.5,7,0,['RKS System']
100,60,60,Minior,774,100,60,120,rock,flying,40,7,0,['Shields Down']
115,65,65,Komala,775,75,95,65,normal,,19.9,7,0,['Comatose']
78,135,60,Turtonator,776,91,85,36,fire,dragon,212,7,0,['Shell Armor']
98,63,65,Togedemaru,777,40,73,96,electric,steel,3.3,7,0,"['Iron Barbs', 'Lightningrod', 'Sturdy']"
90,80,55,Mimikyu,778,50,105,96,ghost,fairy,0.7,7,0,['Disguise']
105,70,68,Bruxish,779,70,70,92,water,psychic,19,7,0,"['Dazzling', 'Strong Jaw', 'Wonder Skin ']"
60,85,78,Drampa,780,135,91,36,normal,dragon,185,7,0,"['Berserk', 'Sap Sipper', 'Cloud Nine']"
131,100,70,Dhelmise,781,86,90,40,ghost,grass,210,7,0,['Steelworker']
55,65,45,Jangmo-o,782,45,45,45,dragon,,29.7,7,0,"['Bulletproof', 'Soundproof', 'Overcoat']"
75,90,55,Hakamo-o,783,65,70,65,dragon,fighting,47,7,0,"['Bulletproof', 'Soundproof', 'Overcoat']"
110,125,75,Kommo-o,784,100,105,85,dragon,fighting,78.2,7,0,"['Bulletproof', 'Soundproof', 'Overcoat']"
115,85,70,Tapu Koko,785,95,75,130,electric,fairy,20.5,7,1,"['Electric Surge', 'Telepathy']"
85,75,70,Tapu Lele,786,130,115,95,psychic,fairy,18.6,7,1,"['Psychic Surge', 'Telepathy']"
130,115,70,Tapu Bulu,787,85,95,75,grass,fairy,45.5,7,1,"['Grassy Surge', 'Telepathy']"
75,115,70,Tapu Fini,788,95,130,85,water,fairy,21.2,7,1,"['Misty Surge', 'Telepathy']"
29,31,43,Cosmog,789,29,31,37,psychic,,0.1,7,1,['Unaware']
29,131,43,Cosmoem,790,29,131,37,psychic,,999.9,7,1,['Sturdy']
137,107,137,Solgaleo,791,113,89,97,psychic,steel,230,7,1,['Full Metal Body']
113,89,137,Lunala,792,137,107,97,psychic,ghost,120,7,1,['Shadow Shield']
53,47,109,Nihilego,793,127,131,103,rock,poison,55.5,7,1,['Beast Boost']
139,139,107,Buzzwole,794,53,53,79,bug,fighting,333.6,7,1,['Beast Boost']
137,37,71,Pheromosa,795,137,37,151,bug,fighting,25,7,1,['Beast Boost']
89,71,83,Xurkitree,796,173,71,83,electric,,100,7,1,['Beast Boost']
101,103,97,Celesteela,797,107,101,61,steel,flying,999.9,7,1,['Beast Boost']
181,131,59,Kartana,798,59,31,109,grass,steel,0.1,7,1,['Beast Boost']
101,53,223,Guzzlord,799,97,53,43,dark,dragon,888,7,1,['Beast Boost']
107,101,97,Necrozma,800,127,89,79,psychic,,230,7,1,['Prism Armor']
95,115,80,Magearna,801,130,115,65,steel,fairy,80.5,7,1,['Soul-Heart']
