Brock,Tyranitar,Rampardos,Kabutops,Omastar,Golem,Steelix,Gym Leader,Mega Buckle,Kanto
Misty,Kingler,Tentacruel,Kingdra,Seaking,Gyarados,Starmie,Gym Leader,Mega Top,Kanto
Surge,Jolteon,Electivire,Magnezone,Electrode,Manectric,Raichu,Gym Leader,Mega Medal,Kanto
Erika,Exeggutor,Tangrowth,Parasect,Bellossom,Victreebel,Vileplume,Gym Leader,Mega Flower,Kanto
Janine,Beedrill,Toxicroak,Crobat,Weezing,Venomoth,Ariados,Gym Leader,Mega Scarf,Kanto
Sabrina,Gardevoir,Hypno,Swoobat,Espeon,Mr. Mime,Alakazam,Gym Leader,Mega Shackles,Kanto
Blaine,Ninetales,Flareon,Camerupt,Magmortar,Rapidash,Arcanine,Gym Leader,Mega Shades,Kanto
Giovanni,Kangaskhan,Persian,Nidoqueen,Nidoking,Dugtrio,Rhyperior,Gym Leader,Mega Case,Kanto
Koga,Nidoqueen,Tentacruel,Weezing,Muk,Venomoth,Crobat,Elite Four,Mega Scarf,Kanto
Lorelei,Ninetales-A,Dewgong,Cloyster,Sandslash-A,Lapras,Jynx,Elite Four,Mega Frames,Kanto
Bruno,Hitmontop,Hitmonlee,Hitmonchan,Steelix,Lucario,Machamp,Elite Four,Mega Sash,Kanto
Agatha,Marowak-A,Trevenant,Mismagius,Arbok,Dusknoir,Gengar,Elite Four,Mega Cane,Kanto
Lance,Garchomp,Dragapult,Baxcalibur,Salamence,Kommo-o,Dragonite,Champion,Mega Cape,Kanto
Red,Lapras,Vileplume,Raichu,Mewtwo,Snorlax,Charizard,Battle Legend,Mega Hat,Kanto
Blue,Sandslash,Machamp,Arcanine,Alakazam,Aerodactyl,Blastoise,Battle Legend,Mega Amulet,Kanto
Green,Ditto,Clefable,Fearow,Porygon2,Vaporeon,Venusaur,Battle Legend,Mega Satchel,Kanto
Elaine,Raticate,Poliwrath,Melmetal,Articuno,Butterfree,Pikachu,Pokédex Holder,Mega Backpack,Kanto
Chase,Chansey,Wigglytuff,Primeape,Zapdos,Golduck,Eevee,Pokédex Holder,Mega Shoes,Kanto
Trace,Slowbro,Dodrio,Scizor,Moltres,Pidgeot,Marowak,Pokédex Holder,Mega Belt,Kanto
Morimoto,Dragapult,Zebstrika,Dragonite,Grapploct,Liepard,Snorlax,GAME FREAK's,Mega Card,Kanto
Ash,Talonflame,Serperior,Melmetal,Dracovish,Garchomp,Pikachu,Pokémon Trainer,Mega Heart,Kanto
Goh,Farfetch'd,Greedent,Pinsir,Inteleon,Golurk,Cinderace,Pokémon Trainer,Mega Patch,Kanto
Jessie,Morpeko,Gourgeist,Lickilicky,Seviper,Bewear,Wobbuffet,Team Rocket,Mega Red Rose,Kanto
James,Arcanine,Toxapex,Malamar,Cacturne,Chimecho,Carnivine,Team Rocket,Mega Blue Rose,Kanto
Oak,Venusaur,Charizard,Blastoise,Tauros,Mew,Nidoking,Professor,Mega Dex,Kanto
Falkner,Talonflame,Jumpluff,Noctowl,Gliscor,Mantine,Pidgeot,Gym Leader,Mega Bonds,Johto
Bugsy,Forretress,Ledian,Yanmega,Shuckle,Heracross,Scizor,Gym Leader,Mega Net,Johto
Whitney,Smeargle,Ursaring,Ambipom,Furret,Stantler,Miltank,Gym Leader,Mega Skirt,Johto
Morty,Gengar,Spiritomb,Drifblim,Cursola,Dusknoir,Mismagius,Gym Leader,Mega Band,Johto
Chuck,Conkeldurr,Crabominable,Hariyama,Hitmontop,Heracross,Poliwrath,Gym Leader,Mega Weight,Johto
Jasmine,Skarmory,Klefki,Copperajah,Togedemaru,Mawile,Steelix,Gym Leader,Mega Bead,Johto
Pryce,Froslass,Dewgong,Delibird,Cloyster,Glalie,Mamoswine,Gym Leader,Mega Staff,Johto
Clair,Flygon,Haxorus,Tyrantrum,Dragonite,Hydreigon,Kingdra,Gym Leader,Mega Emblem,Johto
Will,Jynx,Unown,Wobbuffet,Girafarig,Espeon,Xatu,Elite Four,Mega Domino,Johto
Karen,Grimmsnarl,Zoroark,Tyranitar,Honchkrow,Umbreon,Houndoom,Elite Four,Mega Vambrace,Johto
Eusine,Politoed,Corsola,Octillery,Qwilfish,Lanturn,Azumarill,Mystery Man,Mega Tie,Johto
Proton,Slowbro-G,Slowking-G,Muk-A,Persian-A,Raticate-A,Weezing-G,Rocket Executive,Mega Cap,Johto
Petrel,Weezing,Weezing,Weezing,Weezing,Weezing,Weezing,Rocket Executive,Mega Clicker,Johto
Ariana,Clefable,Bellossom,Muk,Hypno,Honchkrow,Arbok,Rocket Executive,Mega Insignia,Johto
Archer,Magcargo,Electivire,Porygon-Z,Crobat,Magmortar,Houndoom,Rocket Boss,Mega Rocket,Johto
Gold,Donphan,Togekiss,Gyarados,Raikou,Ho-oh,Typhlosion,Pokédex Holder,Mega Wing,Johto
Silver,Weavile,Granbull,Ampharos,Entei,Lugia,Feraligatr,Pokédex Holder,Mega Bell,Johto
Crystal,Ariados,Dunsparce,Sunflora,Sudowoodo,Suicune,Meganium,Pokédex Holder,Mega Radio,Johto
Elm,Meganium,Typhlosion,Feraligatr,Blissey,Celebi,Quagsire,Professor,Mega Egg,Johto
Roxanne,Aerodactyl,Relicanth,Armaldo,Cradily,Golem,Probopass,Gym Leader,Mega Bow,Hoenn
Brawly,Poliwrath,Heracross,Machamp,Breloom,Medicham,Hariyama,Gym Leader,Mega Wraps,Hoenn
Wattson,Raichu,Magnezone,Minun,Plusle,Electrode,Manectric,Gym Leader,Mega Cables,Hoenn
Flannery,Arcanine,Rapidash,Houndoom,Camerupt,Magcargo,Torkoal,Gym Leader,Mega Shirt,Hoenn
Norman,Delcatty,Spinda,Zangoose,Linoone,Kecleon,Slaking,Gym Leader,Mega Cuff,Hoenn
Winona,Pelipper,Masquerain,Tropius,Beautifly,Altaria,Swellow,Gym Leader,Mega Goggles,Hoenn
Tate,Xatu,Reuniclus,Bronzong,Gallade,Grumpig,Solrock,Gym Leader,Mega Sun Pin,Hoenn
Liza,Claydol,Gothitelle,Medicham,Gardevoir,Chimecho,Lunatone,Gym Leader,Mega Moon Pin,Hoenn
Juan,Politoed,Luvdisc,Huntail,Crawdaunt,Lapras,Kingdra,Gym Leader,Mega Cravat,Hoenn
Sidney,Sharpedo,Cacturne,Scrafty,Obstagoon,Shiftry,Absol,Elite Four,Mega Timepiece,Hoenn
Phoebe,Banette,Drifblim,Mismagius,Sableye,Chandelure,Dusknoir,Elite Four,Mega Leis,Hoenn
Glacia,Abomasnow,Beartic,Vanillluxe,Glalie,Froslass,Walrein,Elite Four,Mega Gown,Hoenn
Drake,Haxorus,Dragalge,Kingdra,Flygon,Altaria,Salamence,Elite Four,Mega Wheel,Hoenn
Steven,Skarmory,Mawile,Bastiodon,Sandslash-A,Aggron,Metagross,Champion,Mega Stickpin,Hoenn
Wallace,Walrein,Ludicolo,Gorebyss,Whiscash,Wailord,Milotic,Sootopolitan,Mega Croptop,Hoenn
Shelly,Clawitzer,Swoobat,Weezing,Liepard,Crawdaunt,Gorebyss,Aqua Admin,Mega Key,Hoenn
Matt,Dragalge,Crobat,Muk,Mightyena,Sharpedo,Huntail,Aqua Admin,Mega Tattoo,Hoenn
Archie,Crawdaunt,Muk-A,Swalot,Mightyena,Wailord,Sharpedo,Aqua Boss,Mega Anchor,Hoenn
Courtney,Nidoqueen,Ninjask,Ninetales,Houndoom,Camerupt,Donphan,Magma Admin,Mega Horns,Hoenn
Tabitha,Nidoking,Shedinja,Arcanine,Thievul,Flygon,Claydol,Magma Admin,Mega Spikes,Hoenn
Maxie,Torkoal,Weezing,Crobat,Mightyena,Krookodile,Camerupt,Magma Boss,Mega Glasses,Hoenn
Lisia,Pikachu-Belle,Pikachu-Libre,Pikachu-PhD,Pikachu-Pop,Pikachu-Rock,Altaria,Coordinator,Mega Tiara,Hoenn
Aarune,Slowbro,Dragalge,Golurk,Excadrill,Volcarona,Flygon,Secret Base Expert,Mega Flag,Hoenn
Noland,Manectric,Aggron,Flygon,Sandslash,Rhyperior,Pinsir,Factory Head,Mega Bell,Hoenn
Greta,Ninjask,Volbeat,Illumise,Umbreon,Gengar,Shedinja,Arena Tycoon,Mega Sarashi,Hoenn
Tucker,Latios,Latias,Charizard,Metagross,Salamence,Swampert,Dome Ace,Mega Wings,Hoenn
Lucy,Serperior,Sandaconda,Eelektross,Milotic,Arbok,Seviper,Pike Queen,Mega Pike,Hoenn
Spenser,Dusknoir,Arcanine,Crobat,Lapras,Slaking,Suicune,Palace Maven,Mega Scepter,Hoenn
Brandon,Moltres,Zapdos,Articuno,Registeel,Regice,Regirock,Pyramid King,Mega Pouch,Hoenn
Anabel,Latios,Suicune,Raikou,Entei,Lucario,Snorlax,Salon Maiden,Mega Blazer,Hoenn
Zinnia,Dragapult,Goodra,Tyrantrum,Garchomp,Salamence,Rayquaza,Loremaster,Mega Anklet,Hoenn
Wally,Roserade,Talonflame,Garchomp,Magnezone,Swampert,Gallade,Pokémon Trainer,Mega Pendant,Hoenn
Brendan,Dustox,Flygon,Salamence,Latios,Groudon,Sceptile,Pokédex Holder,Mega Cuff,Hoenn
May,Cradily,Metagross,Deoxys,Latias,Kyogre,Blaziken,Pokédex Holder,Mega Bangle,Hoenn
Birch,Sceptile,Blaziken,Swampert,Castform,Jirachi,Ludicolo,Professor,Mega Sandal,Hoenn
Zook,Seviper,Obstagoon,Sharpedo,Dodrio,Relicanth,Zangoose,Thug,Mega Graphic,Orre
Cail,Gardevoir,Toxtricity,Machamp,Shiftry,Houndoom,Granbull,Rogue,Mega Bandana,Orre
Biden,Smeargle,Smeargle,Smeargle,Smeargle,Smeargle,Smeargle,Team Snagem,Mega Eargear,Orre
Agrev,Vileplume,Machamp,Ursaring,Absol,Swampert,Honchkrow,Team Snagem,Mega Spectacles,Orre
Gonzap,Armaldo,Granbull,Breloom,Electrode,Crawdaunt,Shiftry,Snagem Head,Mega Snag Machine,Orre
Resix,Jynx,Electrode,Kingler,Scizor,Camerupt,Magcargo,Hexagon Brother,Mega Red Helmet,Orre
Blusix,Salamence,Heracross,Nidoqueen,Metagross,Kingdra,Lumineon,Hexagon Brother,Mega Blue Scarf,Orre
Browsix,Hitmonlee,Beheeyem,Mamoswine,Kabutops,Slaking,Noctowl,Hexagon Brother,Mega Brown Chestplate,Orre
Yellosix,Cofagrigus,Manectric,Hypno,Sunflora,Ribombee,Archeops,Hexagon Brother,Mega Yellow Gauntlet,Orre
Purpsix,Goodra,Spiritomb,Gliscor,Crobat,Weezing,Muk,Hexagon Brother,Mega Purple Belt,Orre
Greesix,Reuniclus,Tyranitar,Ludicolo,Vileplume,Cacturne,Breloom,Hexagon Brother,Mega Green Boot,Orre
Mirakle B.,Electrode,Seaking,Linoone,Shiftry,Sandslash,Sudowoodo,Cipher Peon,Mega Faux Fro,Orre
Skrub,Coalossal,Mr. Rime,Wobbuffet,Huntail,Medicham,Golem,Cipher Peon,Mega Neckscarf,Orre
Verde,Serperior,Torterra,Chesnaught,Venusaur,Decidueye,Sceptile,Cipher Peon,Mega Leaf,Orre
Rosso,Charizard,Blaziken,Infernape,Cinderace,Incineroar,Delphox,Cipher Peon,Mega Cinder,Orre
Bluno,Blastoise,Inteleon,Swampert,Greninja,Primarina,Empoleon,Cipher Peon,Mega Liquid,Orre
Exol,Magmortar,Togekiss,Mawile,Raichu,Exploud,Farigarif,Cipher Commander,Mega Helmet,Orre
Dakim,Solrock,Flygon,Whiscash,Houndoom,Camerupt,Flareon,Cipher Admin,Mega Markings,Orre
Venus,Milotic,Delcatty,Bellossom,Vileplume,Raichu,Vaporeon,Cipher Admin,Mega Halo,Orre
Ein,Pelipper,Huntail,Manectric,Starmie,Lanturn,Jolteon,Cipher Admin,Mega Notes,Orre
Gorigan,Granbull,Salamence,Walrein,Slowking,Aggron,Ursaring,Cipher Admin,Mega Wrench,Orre
Snattle,Lanturn,Quagsire,Metagross,Muk,Glalie,Electrode,Cipher Admin,Mega Collar,Orre
Lovrina,Wobbuffet,Milotic,Mismagius,Meganium,Gardevoir,Alomomola,Cipher Admin,Mega Tails,Orre
Ardos,Starmie,Kingdra,Aerodactyl,Alakazam,Gengar,Tauros,Cipher Admin,Mega Sleeve,Orre
Eldes,Metagross,Snorlax,Ninjask,Flygon,Tauros,Gengar,Cipher Admin,Mega Sleeve,Orre
Nascour,Xatu,Gardevoir,Blaziken,Walrein,Dusknoir,Alakazam,Cipher,Mega Shirt,Orre
Evice,Slaking,Salamence,Scizor,Machamp,Aggron,Slowking,Cipher Head,Mega Medallion,Orre
Greevil,Manectric,Altaria,Granbull,Swellow,Starmie,Aerodactyl,Grand Master,Mega Wand,Orre
Miror B.,Ludicolo,Ludicolo,Ludicolo,Ludicolo,Ludicolo,Ludicolo,Wanderer,Mega Fro,Orre
Agnol,Ludicolo,Bisharp,Heliolisk,Rotom-Heat,Mimikyu,Toxtricity,Deep King,Mega Mesh,Orre
Chobin,Ninjask,Marowak,Tropius,Jumpluff,Gyarados,Sunflora,Robo Groudon,Mega Robo Groudon,Orre
Rui,Raichu,Suicune,Raikou,Entei,Umbreon,Espeon,Myth Trainer,Mega Flute,Orre
Wes,Meganium,Tyranitar,Metagross,Ho-oh,Espeon,Umbreon,Pokémon Trainer,Mega Bike,Orre
Michael,Parasect,Sudowoodo,Gardevoir,Lugia,Snorlax,Leafeon,Pokémon Trainer,Mega Arm,Orre
Roark,Tyranitar,Probopass,Sudowoodo,Bastiodon,Golem,Rampardos,Gym Leader,Mega Headlamp,Sinnoh
Gardenia,Leafeon,Cherrim,Tangrowth,Rotom-Mow,Carnivine,Roserade,Gym Leader,Mega Shroud,Sinnoh
Maylene,Hitmontop,Toxicroak,Breloom,Machamp,Lucario,Medicham,Gym Leader,Mega Bandage,Sinnoh
Crasher Wake,Mantine,Lumineon,Bibarel,Gastrodon,Rotom-Wash,Floatzel,Gym Leader,Mega Guise,Sinnoh
Fantina,Banette,Gengar,Dusknoir,Mismagius,Spiritomb,Drifblim,Gym Leader,Mega Cross,Sinnoh
Byron,Magnezone,Aggron,Wormadam-T,Bronzong,Steelix,Bastiodon,Gym Leader,Mega Spade,Sinnoh
Candice,Abomasnow,Mamoswine,Glaceon,Rotom-Frost,Weavile,Froslass,Gym Leader,Mega Socks,Sinnoh
Volkner,Lanturn,Jolteon,Luxray,Rotom-Fan,Raichu,Electivire,Gym Leader,Mega Pocket,Sinnoh
Aaron,Mothim,Heracross,Yanmega,Kricketune,Vespiquen,Drapion,Elite Four,Mega Mark,Sinnoh
Bertha,Sudowoodo,Quagsire,Wormadam-S,Gliscor,Rhyperior,Hippowdon,Elite Four,Mega Cowl,Sinnoh
Flint,Rapidash,Flareon,Houndoom,Rotom-Heat,Infernape,Magmortar,Elite Four,Mega Suspenders,Sinnoh
Lucian,Espeon,Girafarig,Alakazam,Mr. Mime,Gallade,Bronzong,Elite Four,Mega Kerchief,Sinnoh
Cynthia,Spiritomb,Togekiss,Milotic,Kommo-o,Arceus,Garchomp,Champion,Mega Drop,Sinnoh
Tobias,Ferrothorn,Volcarona,Ninetales-A,Latios,Urshifu-R,Darkrai,Champion,Mega Eye,Sinnoh
Mars,Bronzong,Crobat,Yanmega,Electivire,Rhyperior,Purugly,Galactic Commander,Mega Waistband,Sinnoh
Jupiter,Bronzong,Crobat,Tangrowth,Sableye,Gastrodon,Skuntank,Galactic Commander,Mega Legband,Sinnoh
Saturn,Bronzong,Crobat,Alakazam,Magmortar,Octillery,Toxicroak,Galactic Commander,Mega Armband,Sinnoh
Charon,Rotom-Fan,Rotom-Mow,Rotom-Frost,Rotom-Wash,Rotom-Heat,Rotom,Galactic Commander,Mega Motor,Sinnoh
Cyrus,Gyarados,Scizor,Houndoom,Crobat,Honchkrow,Weavile,Galactic Boss,Mega Chain,Sinnoh
Palmer,Rhyperior,Milotic,Dragonite,Cresselia,Regigigas,Heatran,Tower Tycoon,Mega Palm,Sinnoh
Thorton,Bronzong,Electivire,Ledian,Ursaring,Tyranitar,Skarmory,Factory Head,Mega Phone,Sinnoh
Dahlia,Blaziken,Dusknoir,Zapdos,Ludicolo,Medicham,Togekiss,Arcade Star,Mega Heel,Sinnoh
Darach,Indeedee-M,Empoleon,Staraptor,Gallade,Houndoom,Entei,Castle Valet,Mega Napkin,Sinnoh
Argenta,Garchomp,Butterfree,Wormadam-P,Drifblim,Dragonite,Vespiquen,Hall Matron,Mega Purse,Sinnoh
Cheryl,Slaking,Snorlax,Alomomola,Wobbufet,Wailord,Blissey,HP Trainer,Mega Braid,Sinnoh
Riley,Darmanitan-G,Conkeldurr,Rhyperior,Haxorus,Slaking,Rampardos,Attack Trainer,Mega Aura,Sinnoh
Buck,Carbink,Runerigus,Pyukumuku,Bastiodon,Dusknoir,Shuckle,Bulk Trainer,Mega Brace,Sinnoh
Mira,Porygon-Z,Drampa,Hatterene,Vikavolt,Chandelure,Cursola,Special Trainer,Mega Twintails,Sinnoh
Marley,Jolteon,Barraskewda,Accelgor,Electrode,Dragapult,Ninjask,Speed Trainer,Mega Umbrella,Sinnoh
Dawn,Alcremie,Pachirisu,Mamoswine,Azelf,Giratina,Empoleon,Pokédex Holder,Mega Beanie,Sinnoh
Lucas,Lickilicky,Chatot,Manaphy,Uxie,Dialga,Torterra,Pokédex Holder,Mega Poketch,Sinnoh
Barry,Pinsir,Roserade,Staraptor,Mesprit,Palkia,Infernape,Pokédex Holder,Mega Palm,Sinnoh
Rowan,Torterra,Infernape,Empoleon,Phione,Shaymin,Lopunny,Professor,Mega Ataché,Sinnoh
Cilan,Whimsicott,Ferrothorn,Lilligant,Amoonguss,Maractus,Simisage,Gym Leader,Mega Apron,Unova
Chili,Magmortar,Camerupt,Arcanine,Heatmor,Darmanitan,Simisear,Gym Leader,Mega Apron,Unova
Cress,Crawdaunt,Azumarill,Seismitoad,Slowking,Basculin,Simipour,Gym Leader,Mega Apron,Unova
Cheren,Castform,Zangoose,Cinccino,Unfezant,Watchog,Stoutland,Gym Leader,Mega Text,Unova
Lenora,Audino,Kangaskhan,Dunsparce,Sawsbuck,Stoutland,Watchog,Gym Leader,Mega Magnifier,Unova
Roxie,Crobat,Muk,Weezing,Toxtricity-A,Garbodor,Scolipede,Gym Leader,Mega Axe,Unova
Burgh,Escavalier,Accelgor,Vespiquen,Crustle,Scolipede,Leavanny,Gym Leader,Mega Butterfly,Unova
Elesa,Galvantula,Rotom-Wash,Emolga,Ampharos,Thundurus-T,Zebstrika,Gym Leader,Mega Antenna,Unova
Clay,Steelix,Krookodile,Seismitoad,Sandslash,Landorus-T,Excadrill,Gym Leader,Mega Beltbuckle,Unova
Skyla,Skarmory,Drifblim,Togekiss,Swoobat,Tornadus-T,Swanna,Gym Leader,Mega Spandex,Unova
Brycen,Mandibuzz,Escavalier,Sharpedo,Vanilluxe,Cryogonal,Beartic,Gym Leader,Mega Claw,Unova
Drayden,Hydreigon,Salamence,Altaria,Flygon,Haxorus,Druddigon,Gym Leader,Mega Jaw,Unova
Marlon,Alomomola,Quagsire,Mantine,Wailord,Carracosta,Jellicent-M,Gym Leader,Mega Flippers,Unova
Shauntal,Drifblim,Froslass,Jellicent-F,Cofagrigus,Golurk,Chandelure,Elite Four,Mega Pen,Unova
Marshal,Mienshao,Lucario,Sawk,Throh,Terrakion,Conkeldurr,Elite Four,Mega Barbell,Unova
Grimsley,Tyranitar,Sharpedo,Drapion,Scrafty,Krookodile,Bisharp,Elite Four,Mega Coin,Unova
Caitlin,Indeedee-F,Reuniclus,Sigilyph,Beheeyem,Metagross,Gothitelle,Elite Four,Mega Shaul,Unova
Iris,Archeops,Lapras,Aggron,Salamence,Hydreigon,Haxorus,Champion,Mega Dress,Unova
Alder,Braviary,Druddigon,Escavalier,Accelgor,Virizion,Volcarona,Champion,Mega Beads,Unova
Benga,Garchomp,Dragonite,Latias,Latios,Haxorus,Volcarona,Boss Trainer,Mega Beads,Unova
Ingo,Excadrill,Carracosta,Garbodor,Klinklang,Conkeldurr,Crustle,Subway Boss,Mega White Cap,Unova
Emmet,Durant,Archeops,Galvantula,Gigalith,Haxorus,Eelektross,Subway Boss,Mega Black Cap,Unova
Colress,Porygon-Z,Beheeyem,Magnezone,Electrode,Klinklang,Genesect,Scientist,Mega Azometer,Unova
Zinzolin,Ninetales-A,Darmanitan-G,Mr. Rime,Weavile,Cryogonal,Cryogonal,Plasma Sage,Mega Mitre,Unova
Ghetsis,Cofagrigus,Eelektross,Bisharp,Drapion,Bouffalant,Hydreigon,Plasma Archsage,Mega Rod,Unova
Bianca,Audino,Liepard,Stoutland,Mienshao,Chandelure,Musharna,Juniper Aide,Mega Aglet,Unova
Hilda,Carracosta,Darmanitan,Musharna,Simisage,Zekrom,Emboar,Pokédex Holder,Mega Shorts,Unova
Hilbert,Archeops,Stunfisk,Mightyena,Volcarona,Victini,Samurott,Pokédex Holder,Mega Brim,Unova
Rosa,Lickilicky,Reuniclus,Swanna,Vanilluxe,Kyurem,Serperior,Pokédex Holder,Mega Donut,Unova
Nate,Slaking,Sigilyph,Lucario,Weavile,Keldeo,Braviary,Pokédex Holder,Mega Visor,Unova
Hugh,Simisear,Bouffalant,Eelektross,Flygon,Cobalion,Unfezant,Pokédex Holder,Mega Pack,Unova
N,Vanilluxe,Klinklang,Ninjask,Gastrodon,Reshiram,Zoroark,Pokémon Trainer,Mega Cube,Unova
Curtis,Gastrodon-East,Gallade,Mawile,Rampardos,Donphan,Primeape,Pokémon Trainer,Mega Wire,Unova
Yancy,Gastrodon-West,Gardevoir,Sableye,Bastiodon,Ursaring,Persian,Pokémon Trainer,Mega Ribbon,Unova
Juniper,Serperior,Emboar,Samurott,Musharna,Meloetta,Cinccino,Professor,Mega Earring,Unova
Viola,Venomoth,Scizor,Pinsir,Crustle,Masquerain,Vivillon,Gym Leader,Mega Camera,Kalos
Grant,Armaldo,Aerodactyl,Kabutops,Carbink,Aurorus,Tyrantrum,Gym Leader,Mega Bottle,Kalos
Korrina,Falinks,Mienshao,Machamp,Pangoro,Hawlucha,Lucario,Successor,Mega Glove,Kalos
Ramos,Tangrowth,Trevenant,Ludicolo,Victreebel,Jumpluff,Gogoat,Gym Leader,Mega Scissors,Kalos
Clemont,Togedemaru,Dedenne,Emolga,Lanturn,Magnezone,Heliolisk,Gym Leader,Mega Arms,Kalos
Valerie,Azumarill,Mr. Mime,Togekiss,Slurpuff,Mawile,Sylveon,Gym Leader,Mega Lens,Kalos
Olympia,Meowstic-M,Musharna,Slowking,Malamar,Sigilyph,Meowstic-F,Gym Leader,Mega Rings,Kalos
Wulfric,Abomasnow,Darmanitan-G,Mamoswine,Crabominable,Cryogonal,Avalugg,Gym Leader,Mega Parka,Kalos
Wikstrom,Skarmory,Klefki,Escavalier,Scizor,Probopass,Aegislash,Elite Four,Mega Guard,Kalos
Malva,Torkoal,Magmortar,Houndoom,Chandelure,Pyroar,Talonflame,Elite Four,Mega Lenses,Kalos
Siebold,Octillery,Kingdra,Starmie,Gyarados,Clawitzer,Barbaracle,Elite Four,Mega Pan,Kalos
Drasna,Garchomp,Druddigon,Goodra,Altaria,Dragalge,Noivern,Elite Four,Mega Fang,Kalos
Diantha,Furfrou,Rapidash-G,Volcarona,Aromatisse,Gourgeist,Gardevoir,Champion,Mega Charm,Kalos
Aliana,Tsareena,Salazzle,Togekiss,Furfrou,Rotom-Fan,Kangaskhan,Flare Scientist,Mega Orange Visor,Kalos
Bryony,Roserade,Liepard,Xatu,Furfrou,Rotom-Mow,Tyranitar,Flare Scientist,Mega Green Visor,Kalos
Celosia,Jynx,Glaceon,Weavile,Furfrou,Rotom-Frost,Abomasnow,Flare Scientist,Mega Purple Visor,Kalos
Mable,Gothitelle,Luxray,Dedenne,Furfrou,Rotom-Wash,Ampharos,Flare Scientist,Mega Blue Visor,Kalos
Xerosic,Grimmsnarl,Crobat,Malamar,Furfrou,Rotom-Heat,Gyarados,Flare Scientist,Mega Eyeglass,Kalos
Lysandre,Bisharp,Vileplume,Mienshao,Honchkrow,Gyarados,Pyroar,Flare Boss,Mega Ring,Kalos
Nita,Tornadus,Thundurus,Landorus,Purugly,Wigglytuff,Grumpig,Battle Chatelaine,Mega Top Hat,Kalos
Evelyn,Raikou,Suicune,Entei,Primeape,Persian,Latios,Battle Chatelaine,Mega Hem,Kalos
Dana,Articuno,Zapdos,Moltres,Regice,Regirock,Registeel,Battle Chatelaine,Mega Heels,Kalos
Morgan,Cobalion,Virizion,Terrakion,Swalot,Mantine,Latias,Battle Chatelaine,Mega Gloves,Kalos
Alain,Bisharp,Weavile,Metagross,Tyranitar,Unfezant,Charizard,Ace Trainer,Mega Ring,Kalos
Essentia,Jellicent-F,Whimsicott,Malamar,Persian,Crobat,Mawile,Pokémon Trainer,Mega Suit,Kalos
Trevor,Breloom,Tyrantrum,Aurorus,Aerodactyl,Volcanion,Florges,Pokémon Trainer,Mega Watch,Kalos
Tierno,Hitmontop,Ludicolo,Hawlucha,Scrafty,Hoopa-U,Crawdaunt,Pokémon Trainer,Mega Metronome,Kalos
Calem,Aegislash,Pangoro,Jolteon,Charizard,Xerneas,Greninja,Pokédex Holder,Mega Ring,Kalos
Serena,Altaria,Absol,Vaporeon,Venusaur,Yveltal,Delphox,Pokédex Holder,Mega Ring,Kalos
Shauna,Diggersby,Furfrou,Sylveon,Blastoise,Zygarde-50%,Chesnaught,Pokédex Holder,Mega Ring,Kalos
AZ,Torkoal,Golurk,Sigilyph,Aegislash,Unown,Florges,Pokémon Trainer,Mega Crown,Kalos
Dexio,Zygarde-10%,Slowking,Metagross,Alakazam,Espeon,Raichu-A,Sycamore Aide,Mega Ring,Kalos
Sina,Abomasnow,Sandslash-A,Jynx,Delibird,Drampa,Glaceon,Sycamore Aide,Mega Ring,Kalos
Sycamore,Chesnaught,Delphox,Greninja,Gogoat,Sylveon,Diancie,Professor,Mega Journal,Kalos
Blanche,Weavile,Empoleon,Walrein,Metagross,Glaceon,Articuno,Mystic Leader,Mega Feather,?????
Spark,Electrode,Magnezone,Luxray,Tyranitar,Jolteon,Zapdos,Instinct Leader,Mega Triangle,?????
Candela,Magcargo,Magmortar,Typhlosion,Salamence,Flareon,Moltres,Valor Leader,Mega Flame,?????
Cliff,Marowak,Electivire,Machamp,Sandslash,Tyranitar,Articuno-G,GO Rocket Executive,Mega Quartz,?????
Sierra,Mismagius,Sharpedo,Sableye,Shiftry,Houndoom,Zapdos-G,GO Rocket Executive,Mega Epaulet,?????
Arlo,Salamence,Magnezone,Aggron,Steelix,Scizor,Moltres-G,GO Rocket Executive,Mega Hood,?????
Ilima,Kangaskhan,Smeargle,Oranguru,Raticate-A,Gumshoos,Komala,Captain,Mega Wallet,Alola
Lana,Politoed,Lanturn,Cloyster,Pyukumuku,Wishiwashi,Araquanid,Captain,Mega Fisher,Alola
Kiawe,Talonflame,Arcanine,Charizard,Oricorio-Baile,Salazzle,Marowak-A,Captain,Mega Baton,Alola
Mallow,Comfey,Sceptile,Trevenant,Shiinotic,Lurantis,Tsareena,Captain,Mega Overalls,Alola
Sophocles,Golem-A,Magnezone,Oricorio-Pom,Electivire,Vikavolt,Togedemaru,Captain,Mega Router,Alola
Acerola,Drifblim,Froslass,Oricorio-Sensu,Dhelmise,Palossand,Mimikyu,Captain,Mega Circlet,Alola
Mina,Granbull,Mawile,Ninetales-A,Mr. Mime,Shiinotic,Ribombee,Captain,Mega Brush,Alola
Molayne,Klefki,Bisharp,Magnezone,Metagross,Sandslash-A,Dugtrio-A,Captain,Mega Lanyard,Alola
Hala,Bewear,Hariyama,Poliwrath,Passimian,Tapu Koko,Crabominable,Kahuna,Mega Fan,Alola
Olivia,Armaldo,Relicanth,Golem-A,Minior,Tapu Lele,Lycanroc-Night,Kahuna,Mega Bling,Alola
Nanu,Sableye,Honchkrow,Krookodile,Absol,Tapu Bulu,Persian-A,Kahuna,Mega Holster,Alola
Hapu,Gastrodon,Dugtrio-A,Golurk,Flygon,Tapu Fini,Mudsdale,Kahuna,Mega Whip,Alola
Kahili,Staraptor,Unfezant,Noctowl,Pidgeot,Swellow,Toucannon,Elite Four,Mega Club,Alola
Ryuki,Dracozolt,Goodra,Drampa,Exeggutor-A,Kommo-o,Turtonator,Rockstar,Mega Guitar,Alola
Plumeria,Lurantis,Gengar,Muk-A,Toxapex,Crobat,Salazzle,Skull Admin,Mega Clip,Alola
Guzma,Scizor,Pinsir,Masquerain,Ariados,Buzzwole,Golisopod,Skull Boss,Mega Skull,Alola
Dulse,Furfrou,Xurkitree,Buzzwole,Nihilego,Naganadel,Kartana,Ultra Recon Squad,Mega Light,"""Alola"""
Zossie,Guzzlord,Celesteela,Stakataka,Pheromosa,Naganadel,Blacephalon,Ultra Recon Squad,Mega Light,"""Alola"""
Soliera,Furfrou,Guzzlord,Pheromosa,Nihilego,Naganadel,Celesteela,Ultra Recon Squad,Mega Light,"""Alola"""
Phyco,Xurkitree,Buzzwole,Blacephalon,Kartana,Naganadel,Stakataka,Ultra Recon Squad,Mega Light,"""Alola"""
Faba,Claydol,Oricorio-Pa'u,Alakazam,Raichu-A,Bruxish,Hypno,Aether Branch Chief,Mega Lens,Alola
Lusamine,Clefable,Lilligant,Lopunny,Milotic,Pheromosa,Bewear,Aether President,Mega Crystal,Alola
Gladion,Zoroark,Porygon-Z,Lucario,Weavile,Crobat,Silvally,Aether President,Mega Memory,Alola
Lillie,Ribombee,Ninetales-A,Blacephalon,Magearna,Solgaleo,Clefable,Pokémon Trainer,Mega Ties,Alola
Elio,Ninetales-A,Tsareena,Lycanroc-Day,Naganadel,Necrozma-DM,Incineroar,Pokédex Holder,Mega Trunks,Alola
Selene,Vikavolt,Toucannon,Toxapex,Zeraora,Lunala,Decidueye,Pokédex Holder,Mega Handbag,Alola
Hau,Noivern,Crabominable,Komala,Flareon,Raichu-A,Primarina,Pokédex Holder,Mega Fan,Alola
Kukui,Decidueye,Incineroar,Primarina,Kommo-o,Marshadow,Lycanroc-Dusk,Professor,Mega Royal Mask,Alola
Milo,Ludicolo,Bellossom,Cherrim,Eldegoss,Flapple,Appletun,Gym Leader,Mega Fork,Galar
Nessa,Pelipper,Golisopod,Barraskewda,Dracovish,Seaking,Drednaw,Gym Leader,Mega Strap,Galar
Kabu,Ninetales,Houndoom,Torkoal,Salazzle,Arcanine,Centiskorch,Gym Leader,Mega Helm,Galar
Allister,Chandelure,Polteageist,Runerigus,Dusknoir,Cursola,Gengar,Gym Leader,Mega Mask,Galar
Bea,Hitmontop,Hawlucha,Sirfetch'd,Grapploct,Pangoro,Machamp,Gym Leader,Mega Fist,Galar
Opal,Shiinotic,Ribombee,Mawile,Weezing-G,Togekiss,Alcremie,Gym Leader,Mega Parasol,Galar
Bede,Gardevoir,Sylveon,Gothitelle,Mawile,Rapidash-G,Hatterene,Gym Leader,Mega Parasol,Galar
Melony,Darmanitan-G,Mr. Rime,Arctovish,Eiscue,Frosmoth,Lapras,Gym Leader,Mega Boot,Galar
Gordie,Tyranitar,Barbaracle,Shuckle,Cradily,Stonjourner,Coalossal,Gym Leader,Mega Scabbard,Galar
Piers,Thievul,Skuntank,Scrafty,Toxtricity-L,Malamar,Obstagoon,Gym Leader,Mega Mic,Galar
Marnie,Grimmsnarl,Liepard,Scrafty,Toxicroak,Moltres-G,Morpeko,Gym Leader,Mega Strings,Galar
Raihan,Gigalith,Sandaconda,Goodra,Dracozolt,Flygon,Duraludon,Gym Leader,Mega Cell,Galar
Oleana,Froslass,Salazzle,Tsareena,Indeedee-F,Milotic,Garbodor,Macro Cosmos,Mega Choker,Galar
Rose,Perrserker,Ferrothorn,Escavalier,Stunfisk-G,Klinklang,Copperajah,Chairman,Mega Vest,Galar
Leon,Aegislash,Seismitoad,Dragapult,Mr. Rime,Eternatus,Charizard,Champion,Mega Mantle,Galar
Sordward,Bisharp,Gallade,Absol,Doublade,Golisopod,Sirfetch'd,Descendant,Mega Rod,Galar
Shielbert,Falinks,Chesnaught,Bastiodon,Klinklang,Bronzong,Sirfetch'd,Descendant,Mega Grail,Galar
Avery,Indeedee-M,Mr. Mime,Orbeetle,Articuno-G,Slowbro-G,Slowking-G,Pokémon Trainer,Mega Ruffles,Galar
Klara,Drapion,Scolipede,Toxtricity-A,Weezing-G,Slowking-G,Slowbro-G,Pokémon Trainer,Mega Weave,Galar
Mustard,Luxray,Mienshao,Kommo-o,Lycanroc,Urshifu-Single,Urshifu-Rapid,Dojo Master,Mega Tassle,Galar
Honey,Blissey,Togekiss,Salazzle,Blastoise,Venusaur,Urshifu-Single,Dojo Matron,Mega Hoops,Galar
Peony,Copperajah,Scizor,Bronzong,Perrserker,Regieleki,Aggron,Champion,Mega Hardhat,Galar
Peonia,Duraludon,Mawile,Metagross,Spectrier,Regidrago,Tyrantrum,Pokémon Trainer,Mega Hairband,Galar
Victor,Slowking-G,Greedent,Tyranitar,Snorlax,Calyrex-I,Inteleon,Pokédex Holder,Mega Shield,Galar
Gloria,Slowbro-G,Arctozolt,Goodra,Urshifu-Rapid,Zacian,Cinderace,Pokédex Holder,Mega Sword,Galar
Hop,Dubwool,Pincurchin,Cramorant,Zapdos-G,Zamazenta,Rillaboom,Pokédex Holder,Mega Furs,Galar
Koko,Ambipom,Simipour,Oranguru,Passimian,Infernape,Zarude-Dada,Feral Child,Mega Loincloth,Galar
Magnolia,Rillaboom,Cinderace,Inteleon,Orbeetle,Melmetal,Corviknight,Professor,Mega Stick,Galar
Sonia,Snorlax,Toxtricity-A,Kingler,Butterfree,Meowth,Boltund,Professor,Mega Hairpin,Galar
Katy,Forretress,Spidops,Rabsca,Lokix,Ursaring,Dachsbun,Gym Leader,Tera Orb,Paldea
Brassius,Arboliva,Tsareena,Brambleghast,Lilligant,Sudowoodo,Grafaiai,Gym Leader,Tera Orb,Paldea
Iono,Luxray,Electrode,Kilowattrel,Bellibolt,Mismagius,Orthwurm,Gym Leader,Tera Orb,Paldea
Kofu,Dondozo,Veluza,Wugtrio,Tatsugiri,Crabominable,Klawf,Gym Leader,Tera Orb,Paldea
Ryme,Houndstone,Spiritomb,Mimikyu,Banette,Toxtricity,Scovillain,Gym Leader,Tera Orb,Paldea
Tulip,Espathra,Gallade,Farigiraf,Gardevoir,Florges,Oinkologne,Gym Leader,Tera Orb,Paldea
Grusha,Cetitan,Baxcalibur,Frosmoth,Beartic,Altaria,Ceruledge,Gym Leader,Tera Orb,Paldea
Larry,Squawkabilly-G,Squawkabilly-Y,Squawkabilly-B,Squawkabilly-W,Staraptor,Dudunsparce,Elite Four,Tera Orb,Paldea
Poppy,Orthwurm,Copperajah,Bronzong,Corviknight,Magnezone,Tinkaton,Elite Four,Tera Orb,Paldea
Rika,Hippowdon,Whiscash,Camerupt,Donphan,Dugtrio,Clodsire,Elite Four,Tera Orb,Paldea
Hassel,Flapple,Noivern,Dragalge,Cyclizar,Garchomp,Baxcalibur,Elite Four,Tera Orb,Paldea
Geeta,Espathra,Gogoat,Kingambit,Gholdengo,Veluza,Glimmora,Top Champion,Tera Orb,Paldea
Giacomo,Krookodile,Honchkrow,Cacturne,Bombirdier,Mabosstiff,Kingambit,Star Segin Crew,Tera Orb,Paldea
Mela,Houndoom,Arcanine,Coalossal,Torkoal,Ceruledge,Armarouge,Star Scheder Crew,Tera Orb,Paldea
Atticus,Dragalge,Toxapex,Grafaiai,Skuntank,Muk,Revavroom,Star Navi Crew,Tera Orb,Paldea
Ortega,Dedenne,Klefki,Hatterene,Azumarill,Wigglytuff,Dachsbun,Star Ruchbach Crew,Tera Orb,Paldea
Eri,Tauros-P,Flamigo,Toxicroak,Lucario,Passimian,Annihilape,Star Caph Crew,Tera Orb,Paldea
Penny,Umbreon,Flareon,Leafeon,Jolteon,Vaporeon,Sylveon,Star Boss,Tera Orb,Paldea
Saguaro,Vespiquen,Dachsbun,Hatterene,Alomomola,Tinkaton,Maushold,Home Ec Instructor,Tera Orb,Paldea
Dendra,Falinks,Tauros-P-Fire,Tauros-P-Water,Hawlucha,Medicham,Hariyama,Battle Studies Instructor,Tera Orb,Paldea
Salvatore,Honchkrow,Persian,Persian-A,Perrserker,Raichu,Pawmot,Languages Instructor,Tera Orb,Paldea
Tyme,Lycanroc,Lycanroc,Coalossal,Stonjourner,Drednaw,Garganacl,Math Instructor,Tera Orb,Paldea
Jacq,Arcanine,Swalot,Slowbro,Lurantis,Mudsdale,Farigiraf,Biology Instructor,Tera Orb,Paldea
Raifort,Zoroark,Ting-Lu,Chien-Pao,Wo-Chien,Chi-Yu,Gengar,History Instructor,Tera Orb,Paldea
Miriam,Hypno,Eelektross,Glalie,Pincurchin,Sawsbuck,Toxapex,Health Instructor,Tera Orb,Paldea
Kieran,Dipplin,Shiftry,Probopass,Poliwrath,Yanmega,Gliscor,Pokémon Trainer,Tera Orb,Paldea
Carmine,,Mightyena,Ninetales,Leavanny,Morpeko,Sinistcha,Pokémon Trainer,Tera Orb,Paldea
Perrin,,,,Leafeon,Noctowl,Arcanine-H,Photographer,Tera Orb,Paldea
Clavell,Meowscarada,Skeledirge,Quaquaval,Oranguru,Polteageist,Quaquaval,Director,Tera Orb,Paldea
Arven,Dachsbun,Tatsugiri,Toedscruel,Scovillain,Garganacl,Mabosstiff,Pokémon Trainer,Tera Orb,Paldea
Nemona,Lycanroc,Goodra,Orthwurm,Dudunsparce,Tauros-P,Pawmot,Pokédex Holder,Tera Orb,Paldea
Florian,Palafin,Perrserker,Ogerpon,Great Tusk,Koraidon,Skeledirge,Pokédex Holder,Tera Orb,Paldea
Juliana,Gholdengo,Ursaluna-B,Tauros-P,Iron Treads,Miraidon,Meowscarada,Pokédex Holder,Tera Orb,Paldea
Sada,Slither Wing,Scream Tail,Brute Bonnet,Flutter Mane,Sandy Shocks,Roaring Moon,Professor,Tera Orb,Paldea
Turo,Iron Moth,Iron Bundle,Iron Hands,Iron Jugulis,Iron Thorns,Iron Valiant,Professor,Tera Orb,Paldea
