pokedex_number,name,attack,defense,hp,sp_attack,sp_defense,speed,weight,generation,is_legendary,abilities
1,Bulbasaur,49,49,45,65,65,45,6.9,1,0,"{Overgrow, Chlorophyll}"
2,Ivysaur,62,63,60,80,80,60,13.0,1,0,"{Overgrow, Chlorophyll}"
3,Venusaur,100,123,80,122,120,80,100.0,1,0,"{Overgrow, Chlorophyll}"
4,Charmander,52,43,39,60,50,65,8.5,1,0,"{Blaze, Solar Power}"
5,Charmeleon,64,58,58,80,65,80,19.0,1,0,"{Blaze, Solar Power}"
6,Charizard,104,78,78,159,115,100,90.5,1,0,"{Blaze, Solar Power}"
7,Squirtle,48,65,44,50,64,43,9.0,1,0,"{Torrent, Rain Dish}"
8,Wartortle,63,80,59,65,80,58,22.5,1,0,"{Torrent, Rain Dish}"
9,Blastoise,103,120,79,135,115,78,85.5,1,0,"{Torrent, Rain Dish}"
10,Caterpie,30,35,45,20,20,45,2.9,1,0,"{Shield Dust, Run Away}"
11,Metapod,20,55,50,25,25,30,9.9,1,0,{Shed Skin}
12,Butterfree,45,50,60,90,80,70,32.0,1,0,"{Compoundeyes, Tinted Lens}"
13,Weedle,35,30,40,20,20,50,3.2,1,0,"{Shield Dust, Run Away}"
14,Kakuna,25,50,45,25,25,35,10.0,1,0,{Shed Skin}
15,Beedrill,150,40,65,15,80,145,29.5,1,0,"{Swarm, Sniper}"
16,Pidgey,45,40,40,35,35,56,1.8,1,0,"{Keen Eye, Tangled Feet, Big Pecks}"
17,Pidgeotto,60,55,63,50,50,71,30.0,1,0,"{Keen Eye, Tangled Feet, Big Pecks}"
18,Pidgeot,80,80,83,135,80,121,39.5,1,0,"{Keen Eye, Tangled Feet, Big Pecks}"
19,Rattata,56,35,30,25,35,72,,1,0,"{Run Away, Guts, Hustle, Gluttony, Hustle, Thick Fat}"
20,Raticate,71,70,75,40,80,77,,1,0,"{Run Away, Guts, Hustle, Gluttony, Hustle, Thick Fat}"
21,Spearow,60,30,40,31,31,70,2.0,1,0,"{Keen Eye, Sniper}"
22,Fearow,90,65,65,61,61,100,38.0,1,0,"{Keen Eye, Sniper}"
23,Ekans,60,44,35,40,54,55,6.9,1,0,"{Intimidate, Shed Skin, Unnerve}"
24,Arbok,95,69,60,65,79,80,65.0,1,0,"{Intimidate, Shed Skin, Unnerve}"
25,Pikachu,55,40,35,50,50,90,6.0,1,0,"{Static, Lightningrod}"
26,Raichu,85,50,60,95,85,110,,1,0,"{Static, Lightningrod, Surge Surfer}"
27,Sandshrew,75,90,50,10,35,40,,1,0,"{Sand Veil, Sand Rush, Snow Cloak, Slush Rush}"
28,Sandslash,100,120,75,25,65,65,,1,0,"{Sand Veil, Sand Rush, Snow Cloak, Slush Rush}"
29,Nidoran♀,47,52,55,40,40,41,7.0,1,0,"{Poison Point, Rivalry, Hustle}"
30,Nidorina,62,67,70,55,55,56,20.0,1,0,"{Poison Point, Rivalry, Hustle}"
31,Nidoqueen,92,87,90,75,85,76,60.0,1,0,"{Poison Point, Rivalry, Sheer Force}"
32,Nidoran♂,57,40,46,40,40,50,9.0,1,0,"{Poison Point, Rivalry, Hustle}"
33,Nidorino,72,57,61,55,55,65,19.5,1,0,"{Poison Point, Rivalry, Hustle}"
34,Nidoking,102,77,81,85,75,85,62.0,1,0,"{Poison Point, Rivalry, Sheer Force}"
35,Clefairy,45,48,70,60,65,35,7.5,1,0,"{Cute Charm, Magic Guard, Friend Guard}"
36,Clefable,70,73,95,95,90,60,40.0,1,0,"{Cute Charm, Magic Guard, Unaware}"
37,Vulpix,41,40,38,50,65,65,,1,0,"{Flash Fire, Drought, Snow Cloak, Snow Warning}"
38,Ninetales,67,75,73,81,100,109,,1,0,"{Flash Fire, Drought, Snow Cloak, Snow Warning}"
39,Jigglypuff,45,20,115,45,25,20,5.5,1,0,"{Cute Charm, Competitive, Friend Guard}"
40,Wigglytuff,70,45,140,85,50,45,12.0,1,0,"{Cute Charm, Competitive, Frisk}"
41,Zubat,45,35,40,30,40,55,7.5,1,0,"{Inner Focus, Infiltrator}"
42,Golbat,80,70,75,65,75,90,55.0,1,0,"{Inner Focus, Infiltrator}"
43,Oddish,50,55,45,75,65,30,5.4,1,0,"{Chlorophyll, Run Away}"
44,Gloom,65,70,60,85,75,40,8.6,1,0,"{Chlorophyll, Stench}"
45,Vileplume,80,85,75,110,90,50,18.6,1,0,"{Chlorophyll, Effect Spore}"
46,Paras,70,55,35,45,55,25,5.4,1,0,"{Effect Spore, Dry Skin, Damp}"
47,Parasect,95,80,60,60,80,30,29.5,1,0,"{Effect Spore, Dry Skin, Damp}"
48,Venonat,55,50,60,40,55,45,30.0,1,0,"{Compoundeyes, Tinted Lens, Run Away}"
49,Venomoth,65,60,70,90,75,90,12.5,1,0,"{Shield Dust, Tinted Lens, Wonder Skin }"
50,Diglett,55,30,10,35,45,90,,1,0,"{Sand Veil, Arena Trap, Sand Force, Sand Veil, Tangling Hair, Sand Force}"
51,Dugtrio,100,60,35,50,70,110,,1,0,"{Sand Veil, Arena Trap, Sand Force, Sand Veil, Tangling Hair, Sand Force}"
52,Meowth,35,35,40,50,40,90,,1,0,"{Pickup, Technician, Unnerve, Pickup, Technician, Rattled}"
53,Persian,60,60,65,75,65,115,,1,0,"{Limber, Technician, Unnerve, Fur Coat, Technician, Rattled}"
54,Psyduck,52,48,50,65,50,55,19.6,1,0,"{Damp, Cloud Nine, Swift Swim}"
55,Golduck,82,78,80,95,80,85,76.6,1,0,"{Damp, Cloud Nine, Swift Swim}"
56,Mankey,80,35,40,35,45,70,28.0,1,0,"{Vital Spirit, Anger Point, Defiant}"
57,Primeape,105,60,65,60,70,95,32.0,1,0,"{Vital Spirit, Anger Point, Defiant}"
58,Growlithe,70,45,55,70,50,60,19.0,1,0,"{Intimidate, Flash Fire, Justified}"
59,Arcanine,110,80,90,100,80,95,155.0,1,0,"{Intimidate, Flash Fire, Justified}"
60,Poliwag,50,40,40,40,40,90,12.4,1,0,"{Water Absorb, Damp, Swift Swim}"
61,Poliwhirl,65,65,65,50,50,90,20.0,1,0,"{Water Absorb, Damp, Swift Swim}"
62,Poliwrath,95,95,90,70,90,70,54.0,1,0,"{Water Absorb, Damp, Swift Swim}"
63,Abra,20,15,25,105,55,90,19.5,1,0,"{Synchronize, Inner Focus, Magic Guard}"
64,Kadabra,35,30,40,120,70,105,56.5,1,0,"{Synchronize, Inner Focus, Magic Guard}"
65,Alakazam,50,65,55,175,105,150,48.0,1,0,"{Synchronize, Inner Focus, Magic Guard}"
66,Machop,80,50,70,35,35,35,19.5,1,0,"{Guts, No Guard, Steadfast}"
67,Machoke,100,70,80,50,60,45,70.5,1,0,"{Guts, No Guard, Steadfast}"
68,Machamp,130,80,90,65,85,55,130.0,1,0,"{Guts, No Guard, Steadfast}"
69,Bellsprout,75,35,50,70,30,40,4.0,1,0,"{Chlorophyll, Gluttony}"
70,Weepinbell,90,50,65,85,45,55,6.4,1,0,"{Chlorophyll, Gluttony}"
71,Victreebel,105,65,80,100,70,70,15.5,1,0,"{Chlorophyll, Gluttony}"
72,Tentacool,40,35,40,50,100,70,45.5,1,0,"{Clear Body, Liquid Ooze, Rain Dish}"
73,Tentacruel,70,65,80,80,120,100,55.0,1,0,"{Clear Body, Liquid Ooze, Rain Dish}"
74,Geodude,80,100,40,30,30,20,,1,0,"{Rock Head, Sturdy, Sand Veil, Magnet Pull, Sturdy, Galvanize}"
75,Graveler,95,115,55,45,45,35,,1,0,"{Rock Head, Sturdy, Sand Veil, Magnet Pull, Sturdy, Galvanize}"
76,Golem,120,130,80,55,65,45,,1,0,"{Rock Head, Sturdy, Sand Veil, Magnet Pull, Sturdy, Galvanize}"
77,Ponyta,85,55,50,65,65,90,30.0,1,0,"{Run Away, Flash Fire, Flame Body}"
78,Rapidash,100,70,65,80,80,105,95.0,1,0,"{Run Away, Flash Fire, Flame Body}"
79,Slowpoke,65,65,90,40,40,15,36.0,1,0,"{Oblivious, Own Tempo, Regenerator}"
80,Slowbro,75,180,95,130,80,30,78.5,1,0,"{Oblivious, Own Tempo, Regenerator}"
81,Magnemite,35,70,25,95,55,45,6.0,1,0,"{Magnet Pull, Sturdy, Analytic}"
82,Magneton,60,95,50,120,70,70,60.0,1,0,"{Magnet Pull, Sturdy, Analytic}"
83,Farfetch'd,90,55,52,58,62,60,15.0,1,0,"{Keen Eye, Inner Focus, Defiant}"
84,Doduo,85,45,35,35,35,75,39.2,1,0,"{Run Away, Early Bird, Tangled Feet}"
85,Dodrio,110,70,60,60,60,110,85.2,1,0,"{Run Away, Early Bird, Tangled Feet}"
86,Seel,45,55,65,45,70,45,90.0,1,0,"{Thick Fat, Hydration, Ice Body}"
87,Dewgong,70,80,90,70,95,70,120.0,1,0,"{Thick Fat, Hydration, Ice Body}"
88,Grimer,80,50,80,40,50,25,,1,0,"{Stench, Sticky Hold, Poison Touch, Poison Touch, Gluttony, Power of Alchemy}"
89,Muk,105,75,105,65,100,50,,1,0,"{Stench, Sticky Hold, Poison Touch, Poison Touch, Gluttony, Power of Alchemy}"
90,Shellder,65,100,30,45,25,40,4.0,1,0,"{Shell Armor, Skill Link, Overcoat}"
91,Cloyster,95,180,50,85,45,70,132.5,1,0,"{Shell Armor, Skill Link, Overcoat}"
92,Gastly,35,30,30,100,35,80,0.1,1,0,{Levitate}
93,Haunter,50,45,45,115,55,95,0.1,1,0,{Levitate}
94,Gengar,65,80,60,170,95,130,40.5,1,0,{Cursed Body}
95,Onix,45,160,35,30,45,70,210.0,1,0,"{Rock Head, Sturdy, Weak Armor}"
96,Drowzee,48,45,60,43,90,42,32.4,1,0,"{Insomnia, Forewarn, Inner Focus}"
97,Hypno,73,70,85,73,115,67,75.6,1,0,"{Insomnia, Forewarn, Inner Focus}"
98,Krabby,105,90,30,25,25,50,6.5,1,0,"{Hyper Cutter, Shell Armor, Sheer Force}"
99,Kingler,130,115,55,50,50,75,60.0,1,0,"{Hyper Cutter, Shell Armor, Sheer Force}"
100,Voltorb,30,50,40,55,55,100,10.4,1,0,"{Soundproof, Static, Aftermath}"
101,Electrode,50,70,60,80,80,150,66.6,1,0,"{Soundproof, Static, Aftermath}"
102,Exeggcute,40,80,60,60,45,40,2.5,1,0,"{Chlorophyll, Harvest}"
103,Exeggutor,105,85,95,125,75,45,,1,0,"{Chlorophyll, Harvest, Frisk, Harvest}"
104,Cubone,50,95,50,40,50,35,6.5,1,0,"{Rock Head, Lightningrod, Battle Armor}"
105,Marowak,80,110,60,50,80,45,,1,0,"{Rock Head, Lightningrod, Battle Armor, Cursed Body, Lightningrod, Rock Head}"
106,Hitmonlee,120,53,50,35,110,87,49.8,1,0,"{Limber, Reckless, Unburden}"
107,Hitmonchan,105,79,50,35,110,76,50.2,1,0,"{Keen Eye, Iron Fist, Inner Focus}"
108,Lickitung,55,75,90,60,75,30,65.5,1,0,"{Own Tempo, Oblivious, Cloud Nine}"
109,Koffing,65,95,40,60,45,35,1.0,1,0,{Levitate}
110,Weezing,90,120,65,85,70,60,9.5,1,0,{Levitate}
111,Rhyhorn,85,95,80,30,30,25,115.0,1,0,"{Lightningrod, Rock Head, Reckless}"
112,Rhydon,130,120,105,45,45,40,120.0,1,0,"{Lightningrod, Rock Head, Reckless}"
113,Chansey,5,5,250,35,105,50,34.6,1,0,"{Natural Cure, Serene Grace, Healer}"
114,Tangela,55,115,65,100,40,60,35.0,1,0,"{Chlorophyll, Leaf Guard, Regenerator}"
115,Kangaskhan,125,100,105,60,100,100,80.0,1,0,"{Early Bird, Scrappy, Inner Focus}"
116,Horsea,40,70,30,70,25,60,8.0,1,0,"{Swift Swim, Sniper, Damp}"
117,Seadra,65,95,55,95,45,85,25.0,1,0,"{Poison Point, Sniper, Damp}"
118,Goldeen,67,60,45,35,50,63,15.0,1,0,"{Swift Swim, Water Veil, Lightningrod}"
119,Seaking,92,65,80,65,80,68,39.0,1,0,"{Swift Swim, Water Veil, Lightningrod}"
120,Staryu,45,55,30,70,55,85,34.5,1,0,"{Illuminate, Natural Cure, Analytic}"
121,Starmie,75,85,60,100,85,115,80.0,1,0,"{Illuminate, Natural Cure, Analytic}"
122,Mr. Mime,45,65,40,100,120,90,54.5,1,0,"{Soundproof, Filter, Technician}"
123,Scyther,110,80,70,55,80,105,56.0,1,0,"{Swarm, Technician, Steadfast}"
124,Jynx,50,35,65,115,95,95,40.6,1,0,"{Oblivious, Forewarn, Dry Skin}"
125,Electabuzz,83,57,65,95,85,105,30.0,1,0,"{Static, Vital Spirit}"
126,Magmar,95,57,65,100,85,93,44.5,1,0,"{Flame Body, Vital Spirit}"
127,Pinsir,155,120,65,65,90,105,55.0,1,0,"{Hyper Cutter, Mold Breaker, Moxie}"
128,Tauros,100,95,75,40,70,110,88.4,1,0,"{Intimidate, Anger Point, Sheer Force}"
129,Magikarp,10,55,20,15,20,80,10.0,1,0,"{Swift Swim, Rattled}"
130,Gyarados,155,109,95,70,130,81,235.0,1,0,"{Intimidate, Moxie}"
131,Lapras,85,80,130,85,95,60,220.0,1,0,"{Water Absorb, Shell Armor, Hydration}"
132,Ditto,48,48,48,48,48,48,4.0,1,0,"{Limber, Imposter}"
133,Eevee,55,50,55,45,65,55,6.5,1,0,"{Run Away, Adaptability, Anticipation}"
134,Vaporeon,65,60,130,110,95,65,29.0,1,0,"{Water Absorb, Hydration}"
135,Jolteon,65,60,65,110,95,130,24.5,1,0,"{Volt Absorb, Quick Feet}"
136,Flareon,130,60,65,95,110,65,25.0,1,0,"{Flash Fire, Guts}"
137,Porygon,60,70,65,85,75,40,36.5,1,0,"{Trace, Download, Analytic}"
138,Omanyte,40,100,35,90,55,35,7.5,1,0,"{Swift Swim, Shell Armor, Weak Armor}"
139,Omastar,60,125,70,115,70,55,35.0,1,0,"{Swift Swim, Shell Armor, Weak Armor}"
140,Kabuto,80,90,30,55,45,55,11.5,1,0,"{Swift Swim, Battle Armor, Weak Armor}"
141,Kabutops,115,105,60,65,70,80,40.5,1,0,"{Swift Swim, Battle Armor, Weak Armor}"
142,Aerodactyl,135,85,80,70,95,150,59.0,1,0,"{Rock Head, Pressure, Unnerve}"
143,Snorlax,110,65,160,65,110,30,460.0,1,0,"{Immunity, Thick Fat, Gluttony}"
144,Articuno,85,100,90,95,125,85,55.4,1,1,"{Pressure, Snow Cloak}"
145,Zapdos,90,85,90,125,90,100,52.6,1,1,"{Pressure, Static}"
146,Moltres,100,90,90,125,85,90,60.0,1,1,"{Pressure, Flame Body}"
147,Dratini,64,45,41,50,50,50,3.3,1,0,"{Shed Skin, Marvel Scale}"
148,Dragonair,84,65,61,70,70,70,16.5,1,0,"{Shed Skin, Marvel Scale}"
149,Dragonite,134,95,91,100,100,80,210.0,1,0,"{Inner Focus, Multiscale}"
150,Mewtwo,150,70,106,194,120,140,122.0,1,1,"{Pressure, Unnerve}"
151,Mew,100,100,100,100,100,100,4.0,1,1,{Synchronize}
152,Chikorita,49,65,45,49,65,45,6.4,2,0,"{Overgrow, Leaf Guard}"
153,Bayleef,62,80,60,63,80,60,15.8,2,0,"{Overgrow, Leaf Guard}"
154,Meganium,82,100,80,83,100,80,100.5,2,0,"{Overgrow, Leaf Guard}"
155,Cyndaquil,52,43,39,60,50,65,7.9,2,0,"{Blaze, Flash Fire}"
156,Quilava,64,58,58,80,65,80,19.0,2,0,"{Blaze, Flash Fire}"
157,Typhlosion,84,78,78,109,85,100,79.5,2,0,"{Blaze, Flash Fire}"
158,Totodile,65,64,50,44,48,43,9.5,2,0,"{Torrent, Sheer Force}"
159,Croconaw,80,80,65,59,63,58,25.0,2,0,"{Torrent, Sheer Force}"
160,Feraligatr,105,100,85,79,83,78,88.8,2,0,"{Torrent, Sheer Force}"
161,Sentret,46,34,35,35,45,20,6.0,2,0,"{Run Away, Keen Eye, Frisk}"
162,Furret,76,64,85,45,55,90,32.5,2,0,"{Run Away, Keen Eye, Frisk}"
163,Hoothoot,30,30,60,36,56,50,21.2,2,0,"{Insomnia, Keen Eye, Tinted Lens}"
164,Noctowl,50,50,100,86,96,70,40.8,2,0,"{Insomnia, Keen Eye, Tinted Lens}"
165,Ledyba,20,30,40,40,80,55,10.8,2,0,"{Swarm, Early Bird, Rattled}"
166,Ledian,35,50,55,55,110,85,35.6,2,0,"{Swarm, Early Bird, Iron Fist}"
167,Spinarak,60,40,40,40,40,30,8.5,2,0,"{Swarm, Insomnia, Sniper}"
168,Ariados,90,70,70,60,70,40,33.5,2,0,"{Swarm, Insomnia, Sniper}"
169,Crobat,90,80,85,70,80,130,75.0,2,0,"{Inner Focus, Infiltrator}"
170,Chinchou,38,38,75,56,56,67,12.0,2,0,"{Volt Absorb, Illuminate, Water Absorb}"
171,Lanturn,58,58,125,76,76,67,22.5,2,0,"{Volt Absorb, Illuminate, Water Absorb}"
172,Pichu,40,15,20,35,35,60,2.0,2,0,"{Static, Lightningrod}"
173,Cleffa,25,28,50,45,55,15,3.0,2,0,"{Cute Charm, Magic Guard, Friend Guard}"
174,Igglybuff,30,15,90,40,20,15,1.0,2,0,"{Cute Charm, Competitive, Friend Guard}"
175,Togepi,20,65,35,40,65,20,1.5,2,0,"{Hustle, Serene Grace, Super Luck}"
176,Togetic,40,85,55,80,105,40,3.2,2,0,"{Hustle, Serene Grace, Super Luck}"
177,Natu,50,45,40,70,45,70,2.0,2,0,"{Synchronize, Early Bird, Magic Bounce}"
178,Xatu,75,70,65,95,70,95,15.0,2,0,"{Synchronize, Early Bird, Magic Bounce}"
179,Mareep,40,40,55,65,45,35,7.8,2,0,"{Static, Plus}"
180,Flaaffy,55,55,70,80,60,45,13.3,2,0,"{Static, Plus}"
181,Ampharos,95,105,90,165,110,45,61.5,2,0,"{Static, Plus}"
182,Bellossom,80,95,75,90,100,50,5.8,2,0,"{Chlorophyll, Healer}"
183,Marill,20,50,70,20,50,40,8.5,2,0,"{Thick Fat, Huge Power, Sap Sipper}"
184,Azumarill,50,80,100,60,80,50,28.5,2,0,"{Thick Fat, Huge Power, Sap Sipper}"
185,Sudowoodo,100,115,70,30,65,30,38.0,2,0,"{Sturdy, Rock Head, Rattled}"
186,Politoed,75,75,90,90,100,70,33.9,2,0,"{Water Absorb, Damp, Drizzle}"
187,Hoppip,35,40,35,35,55,50,0.5,2,0,"{Chlorophyll, Leaf Guard, Infiltrator}"
188,Skiploom,45,50,55,45,65,80,1.0,2,0,"{Chlorophyll, Leaf Guard, Infiltrator}"
189,Jumpluff,55,70,75,55,95,110,3.0,2,0,"{Chlorophyll, Leaf Guard, Infiltrator}"
190,Aipom,70,55,55,40,55,85,11.5,2,0,"{Run Away, Pickup, Skill Link}"
191,Sunkern,30,30,30,30,30,30,1.8,2,0,"{Chlorophyll, Solar Power, Early Bird}"
192,Sunflora,75,55,75,105,85,30,8.5,2,0,"{Chlorophyll, Solar Power, Early Bird}"
193,Yanma,65,45,65,75,45,95,38.0,2,0,"{Speed Boost, Compoundeyes, Frisk}"
194,Wooper,45,45,55,25,25,15,8.5,2,0,"{Damp, Water Absorb, Unaware}"
195,Quagsire,85,85,95,65,65,35,75.0,2,0,"{Damp, Water Absorb, Unaware}"
196,Espeon,65,60,65,130,95,110,26.5,2,0,"{Synchronize, Magic Bounce}"
197,Umbreon,65,110,95,60,130,65,27.0,2,0,"{Synchronize, Inner Focus}"
198,Murkrow,85,42,60,85,42,91,2.1,2,0,"{Insomnia, Super Luck, Prankster}"
199,Slowking,75,80,95,100,110,30,79.5,2,0,"{Oblivious, Own Tempo, Regenerator}"
200,Misdreavus,60,60,60,85,85,85,1.0,2,0,{Levitate}
201,Unown,72,48,48,72,48,48,5.0,2,0,{Levitate}
202,Wobbuffet,33,58,190,33,58,33,28.5,2,0,"{Shadow Tag, Telepathy}"
203,Girafarig,80,65,70,90,65,85,41.5,2,0,"{Inner Focus, Early Bird, Sap Sipper}"
204,Pineco,65,90,50,35,35,15,7.2,2,0,"{Sturdy, Overcoat}"
205,Forretress,90,140,75,60,60,40,125.8,2,0,"{Sturdy, Overcoat}"
206,Dunsparce,70,70,100,65,65,45,14.0,2,0,"{Serene Grace, Run Away, Rattled}"
207,Gligar,75,105,65,35,65,85,64.8,2,0,"{Hyper Cutter, Sand Veil, Immunity}"
208,Steelix,125,230,75,55,95,30,400.0,2,0,"{Rock Head, Sturdy, Sheer Force}"
209,Snubbull,80,50,60,40,40,30,7.8,2,0,"{Intimidate, Run Away, Rattled}"
210,Granbull,120,75,90,60,60,45,48.7,2,0,"{Intimidate, Quick Feet, Rattled}"
211,Qwilfish,95,85,65,55,55,85,3.9,2,0,"{Poison Point, Swift Swim, Intimidate}"
212,Scizor,150,140,70,65,100,75,118.0,2,0,"{Swarm, Technician, Light Metal}"
213,Shuckle,10,230,20,10,230,5,20.5,2,0,"{Sturdy, Gluttony, Contrary}"
214,Heracross,185,115,80,40,105,75,54.0,2,0,"{Swarm, Guts, Moxie}"
215,Sneasel,95,55,55,35,75,115,28.0,2,0,"{Inner Focus, Keen Eye, Pickpocket}"
216,Teddiursa,80,50,60,50,50,40,8.8,2,0,"{Pickup, Quick Feet, Honey Gather}"
217,Ursaring,130,75,90,75,75,55,125.8,2,0,"{Guts, Quick Feet, Unnerve}"
218,Slugma,40,40,40,70,40,20,35.0,2,0,"{Magma Armor, Flame Body, Weak Armor}"
219,Magcargo,50,120,60,90,80,30,55.0,2,0,"{Magma Armor, Flame Body, Weak Armor}"
220,Swinub,50,40,50,30,30,50,6.5,2,0,"{Oblivious, Snow Cloak, Thick Fat}"
221,Piloswine,100,80,100,60,60,50,55.8,2,0,"{Oblivious, Snow Cloak, Thick Fat}"
222,Corsola,55,95,65,65,95,35,5.0,2,0,"{Hustle, Natural Cure, Regenerator}"
223,Remoraid,65,35,35,65,35,65,12.0,2,0,"{Hustle, Sniper, Moody}"
224,Octillery,105,75,75,105,75,45,28.5,2,0,"{Suction Cups, Sniper, Moody}"
225,Delibird,55,45,45,65,45,75,16.0,2,0,"{Vital Spirit, Hustle, Insomnia}"
226,Mantine,40,70,85,80,140,70,220.0,2,0,"{Swift Swim, Water Absorb, Water Veil}"
227,Skarmory,80,140,65,40,70,70,50.5,2,0,"{Keen Eye, Sturdy, Weak Armor}"
228,Houndour,60,30,45,80,50,65,10.8,2,0,"{Early Bird, Flash Fire, Unnerve}"
229,Houndoom,90,90,75,140,90,115,35.0,2,0,"{Early Bird, Flash Fire, Unnerve}"
230,Kingdra,95,95,75,95,95,85,152.0,2,0,"{Swift Swim, Sniper, Damp}"
231,Phanpy,60,60,90,40,40,40,33.5,2,0,"{Pickup, Sand Veil}"
232,Donphan,120,120,90,60,60,50,120.0,2,0,"{Sturdy, Sand Veil}"
233,Porygon2,80,90,85,105,95,60,32.5,2,0,"{Trace, Download, Analytic}"
234,Stantler,95,62,73,85,65,85,71.2,2,0,"{Intimidate, Frisk, Sap Sipper}"
235,Smeargle,20,35,55,20,45,75,58.0,2,0,"{Own Tempo, Technician, Moody}"
236,Tyrogue,35,35,35,35,35,35,21.0,2,0,"{Guts, Steadfast, Vital Spirit}"
237,Hitmontop,95,95,50,35,110,70,48.0,2,0,"{Intimidate, Technician, Steadfast}"
238,Smoochum,30,15,45,85,65,65,6.0,2,0,"{Oblivious, Forewarn, Hydration}"
239,Elekid,63,37,45,65,55,95,23.5,2,0,"{Static, Vital Spirit}"
240,Magby,75,37,45,70,55,83,21.4,2,0,"{Flame Body, Vital Spirit}"
241,Miltank,80,105,95,40,70,100,75.5,2,0,"{Thick Fat, Scrappy, Sap Sipper}"
242,Blissey,10,10,255,75,135,55,46.8,2,0,"{Natural Cure, Serene Grace, Healer}"
243,Raikou,85,75,90,115,100,115,178.0,2,1,"{Pressure, Inner Focus}"
244,Entei,115,85,115,90,75,100,198.0,2,1,"{Pressure, Inner Focus}"
245,Suicune,75,115,100,90,115,85,187.0,2,1,"{Pressure, Inner Focus}"
246,Larvitar,64,50,50,45,50,41,72.0,2,0,"{Guts, Sand Veil}"
247,Pupitar,84,70,70,65,70,51,152.0,2,0,{Shed Skin}
248,Tyranitar,164,150,100,95,120,71,202.0,2,0,"{Sand Stream, Unnerve}"
249,Lugia,90,130,106,90,154,110,216.0,2,1,"{Pressure, Multiscale}"
250,Ho-Oh,130,90,106,110,154,90,199.0,2,1,"{Pressure, Regenerator}"
251,Celebi,100,100,100,100,100,100,5.0,2,1,{Natural Cure}
252,Treecko,45,35,40,65,55,70,5.0,3,0,"{Overgrow, Unburden}"
253,Grovyle,65,45,50,85,65,95,21.6,3,0,"{Overgrow, Unburden}"
254,Sceptile,110,75,70,145,85,145,52.2,3,0,"{Overgrow, Unburden}"
255,Torchic,60,40,45,70,50,45,2.5,3,0,"{Blaze, Speed Boost}"
256,Combusken,85,60,60,85,60,55,19.5,3,0,"{Blaze, Speed Boost}"
257,Blaziken,160,80,80,130,80,100,52.0,3,0,"{Blaze, Speed Boost}"
258,Mudkip,70,50,50,50,50,40,7.6,3,0,"{Torrent, Damp}"
259,Marshtomp,85,70,70,60,70,50,28.0,3,0,"{Torrent, Damp}"
260,Swampert,150,110,100,95,110,70,81.9,3,0,"{Torrent, Damp}"
261,Poochyena,55,35,35,30,30,35,13.6,3,0,"{Run Away, Quick Feet, Rattled}"
262,Mightyena,90,70,70,60,60,70,37.0,3,0,"{Intimidate, Quick Feet, Moxie}"
263,Zigzagoon,30,41,38,30,41,60,17.5,3,0,"{Pickup, Gluttony, Quick Feet}"
264,Linoone,70,61,78,50,61,100,32.5,3,0,"{Pickup, Gluttony, Quick Feet}"
265,Wurmple,45,35,45,20,30,20,3.6,3,0,"{Shield Dust, Run Away}"
266,Silcoon,35,55,50,25,25,15,10.0,3,0,{Shed Skin}
267,Beautifly,70,50,60,100,50,65,28.4,3,0,"{Swarm, Rivalry}"
268,Cascoon,35,55,50,25,25,15,11.5,3,0,{Shed Skin}
269,Dustox,50,70,60,50,90,65,31.6,3,0,"{Shield Dust, Compoundeyes}"
270,Lotad,30,30,40,40,50,30,2.6,3,0,"{Swift Swim, Rain Dish, Own Tempo}"
271,Lombre,50,50,60,60,70,50,32.5,3,0,"{Swift Swim, Rain Dish, Own Tempo}"
272,Ludicolo,70,70,80,90,100,70,55.0,3,0,"{Swift Swim, Rain Dish, Own Tempo}"
273,Seedot,40,50,40,30,30,30,4.0,3,0,"{Chlorophyll, Early Bird, Pickpocket}"
274,Nuzleaf,70,40,70,60,40,60,28.0,3,0,"{Chlorophyll, Early Bird, Pickpocket}"
275,Shiftry,100,60,90,90,60,80,59.6,3,0,"{Chlorophyll, Early Bird, Pickpocket}"
276,Taillow,55,30,40,30,30,85,2.3,3,0,"{Guts, Scrappy}"
277,Swellow,85,60,60,75,50,125,19.8,3,0,"{Guts, Scrappy}"
278,Wingull,30,30,40,55,30,85,9.5,3,0,"{Keen Eye, Hydration, Rain Dish}"
279,Pelipper,50,100,60,95,70,65,28.0,3,0,"{Keen Eye, Drizzle, Rain Dish}"
280,Ralts,25,25,28,45,35,40,6.6,3,0,"{Synchronize, Trace, Telepathy}"
281,Kirlia,35,35,38,65,55,50,20.2,3,0,"{Synchronize, Trace, Telepathy}"
282,Gardevoir,85,65,68,165,135,100,48.4,3,0,"{Synchronize, Trace, Telepathy}"
283,Surskit,30,32,40,50,52,65,1.7,3,0,"{Swift Swim, Rain Dish}"
284,Masquerain,60,62,70,100,82,80,3.6,3,0,"{Intimidate, Unnerve}"
285,Shroomish,40,60,60,40,60,35,4.5,3,0,"{Effect Spore, Poison Heal, Quick Feet}"
286,Breloom,130,80,60,60,60,70,39.2,3,0,"{Effect Spore, Poison Heal, Technician}"
287,Slakoth,60,60,60,35,35,30,24.0,3,0,{Truant}
288,Vigoroth,80,80,80,55,55,90,46.5,3,0,{Vital Spirit}
289,Slaking,160,100,150,95,65,100,130.5,3,0,{Truant}
290,Nincada,45,90,31,30,30,40,5.5,3,0,"{Compoundeyes, Run Away}"
291,Ninjask,90,45,61,50,50,160,12.0,3,0,"{Speed Boost, Infiltrator}"
292,Shedinja,90,45,1,30,30,40,1.2,3,0,{Wonder Guard}
293,Whismur,51,23,64,51,23,28,16.3,3,0,"{Soundproof, Rattled}"
294,Loudred,71,43,84,71,43,48,40.5,3,0,"{Soundproof, Scrappy}"
295,Exploud,91,63,104,91,73,68,84.0,3,0,"{Soundproof, Scrappy}"
296,Makuhita,60,30,72,20,30,25,86.4,3,0,"{Thick Fat, Guts, Sheer Force}"
297,Hariyama,120,60,144,40,60,50,253.8,3,0,"{Thick Fat, Guts, Sheer Force}"
298,Azurill,20,40,50,20,40,20,2.0,3,0,"{Thick Fat, Huge Power, Sap Sipper}"
299,Nosepass,45,135,30,45,90,30,97.0,3,0,"{Sturdy, Magnet Pull, Sand Force}"
300,Skitty,45,45,50,35,35,50,11.0,3,0,"{Cute Charm, Normalize, Wonder Skin }"
301,Delcatty,65,65,70,55,55,90,32.6,3,0,"{Cute Charm, Normalize, Wonder Skin }"
302,Sableye,85,125,50,85,115,20,11.0,3,0,"{Keen Eye, Stall, Prankster}"
303,Mawile,105,125,50,55,95,50,11.5,3,0,"{Hyper Cutter, Intimidate, Sheer Force}"
304,Aron,70,100,50,40,40,30,60.0,3,0,"{Sturdy, Rock Head, Heavy Metal}"
305,Lairon,90,140,60,50,50,40,120.0,3,0,"{Sturdy, Rock Head, Heavy Metal}"
306,Aggron,140,230,70,60,80,50,360.0,3,0,"{Sturdy, Rock Head, Heavy Metal}"
307,Meditite,40,55,30,40,55,60,11.2,3,0,"{Pure Power, Telepathy}"
308,Medicham,100,85,60,80,85,100,31.5,3,0,"{Pure Power, Telepathy}"
309,Electrike,45,40,40,65,40,65,15.2,3,0,"{Static, Lightningrod, Minus}"
310,Manectric,75,80,70,135,80,135,40.2,3,0,"{Static, Lightningrod, Minus}"
311,Plusle,50,40,60,85,75,95,4.2,3,0,"{Plus, Lightningrod}"
312,Minun,40,50,60,75,85,95,4.2,3,0,"{Minus, Volt Absorb}"
313,Volbeat,73,75,65,47,85,85,17.7,3,0,"{Illuminate, Swarm, Prankster}"
314,Illumise,47,75,65,73,85,85,17.7,3,0,"{Oblivious, Tinted Lens, Prankster}"
315,Roselia,60,45,50,100,80,65,2.0,3,0,"{Natural Cure, Poison Point, Leaf Guard}"
316,Gulpin,43,53,70,43,53,40,10.3,3,0,"{Liquid Ooze, Sticky Hold, Gluttony}"
317,Swalot,73,83,100,73,83,55,80.0,3,0,"{Liquid Ooze, Sticky Hold, Gluttony}"
318,Carvanha,90,20,45,65,20,65,20.8,3,0,"{Rough Skin, Speed Boost}"
319,Sharpedo,140,70,70,110,65,105,88.8,3,0,"{Rough Skin, Speed Boost}"
320,Wailmer,70,35,130,70,35,60,130.0,3,0,"{Water Veil, Oblivious, Pressure}"
321,Wailord,90,45,170,90,45,60,398.0,3,0,"{Water Veil, Oblivious, Pressure}"
322,Numel,60,40,60,65,45,35,24.0,3,0,"{Oblivious, Simple, Own Tempo}"
323,Camerupt,120,100,70,145,105,20,220.0,3,0,"{Magma Armor, Solid Rock, Anger Point}"
324,Torkoal,85,140,70,85,70,20,80.4,3,0,"{White Smoke, Drought, Shell Armor}"
325,Spoink,25,35,60,70,80,60,30.6,3,0,"{Thick Fat, Own Tempo, Gluttony}"
326,Grumpig,45,65,80,90,110,80,71.5,3,0,"{Thick Fat, Own Tempo, Gluttony}"
327,Spinda,60,60,60,60,60,60,5.0,3,0,"{Own Tempo, Tangled Feet, Contrary}"
328,Trapinch,100,45,45,45,45,10,15.0,3,0,"{Hyper Cutter, Arena Trap, Sheer Force}"
329,Vibrava,70,50,50,50,50,70,15.3,3,0,{Levitate}
330,Flygon,100,80,80,80,80,100,82.0,3,0,{Levitate}
331,Cacnea,85,40,50,85,40,35,51.3,3,0,"{Sand Veil, Water Absorb}"
332,Cacturne,115,60,70,115,60,55,77.4,3,0,"{Sand Veil, Water Absorb}"
333,Swablu,40,60,45,40,75,50,1.2,3,0,"{Natural Cure, Cloud Nine}"
334,Altaria,110,110,75,110,105,80,20.6,3,0,"{Natural Cure, Cloud Nine}"
335,Zangoose,115,60,73,60,60,90,40.3,3,0,"{Immunity, Toxic Boost}"
336,Seviper,100,60,73,100,60,65,52.5,3,0,"{Shed Skin, Infiltrator}"
337,Lunatone,55,65,90,95,85,70,168.0,3,0,{Levitate}
338,Solrock,95,85,90,55,65,70,154.0,3,0,{Levitate}
339,Barboach,48,43,50,46,41,60,1.9,3,0,"{Oblivious, Anticipation, Hydration}"
340,Whiscash,78,73,110,76,71,60,23.6,3,0,"{Oblivious, Anticipation, Hydration}"
341,Corphish,80,65,43,50,35,35,11.5,3,0,"{Hyper Cutter, Shell Armor, Adaptability}"
342,Crawdaunt,120,85,63,90,55,55,32.8,3,0,"{Hyper Cutter, Shell Armor, Adaptability}"
343,Baltoy,40,55,40,40,70,55,21.5,3,0,{Levitate}
344,Claydol,70,105,60,70,120,75,108.0,3,0,{Levitate}
345,Lileep,41,77,66,61,87,23,23.8,3,0,"{Suction Cups, Storm Drain}"
346,Cradily,81,97,86,81,107,43,60.4,3,0,"{Suction Cups, Storm Drain}"
347,Anorith,95,50,45,40,50,75,12.5,3,0,"{Battle Armor, Swift Swim}"
348,Armaldo,125,100,75,70,80,45,68.2,3,0,"{Battle Armor, Swift Swim}"
349,Feebas,15,20,20,10,55,80,7.4,3,0,"{Swift Swim, Oblivious, Adaptability}"
350,Milotic,60,79,95,100,125,81,162.0,3,0,"{Marvel Scale, Competitive, Cute Charm}"
351,Castform,70,70,70,70,70,70,0.8,3,0,{Forecast}
352,Kecleon,90,70,60,60,120,40,22.0,3,0,"{Color Change, Protean}"
353,Shuppet,75,35,44,63,33,45,2.3,3,0,"{Insomnia, Frisk, Cursed Body}"
354,Banette,165,75,64,93,83,75,12.5,3,0,"{Insomnia, Frisk, Cursed Body}"
355,Duskull,40,90,20,30,90,25,15.0,3,0,"{Levitate, Frisk}"
356,Dusclops,70,130,40,60,130,25,30.6,3,0,"{Pressure, Frisk}"
357,Tropius,68,83,99,72,87,51,100.0,3,0,"{Chlorophyll, Solar Power, Harvest}"
358,Chimecho,50,80,75,95,90,65,1.0,3,0,{Levitate}
359,Absol,150,60,65,115,60,115,47.0,3,0,"{Pressure, Super Luck, Justified}"
360,Wynaut,23,48,95,23,48,23,14.0,3,0,"{Shadow Tag, Telepathy}"
361,Snorunt,50,50,50,50,50,50,16.8,3,0,"{Inner Focus, Ice Body, Moody}"
362,Glalie,120,80,80,120,80,100,256.5,3,0,"{Inner Focus, Ice Body, Moody}"
363,Spheal,40,50,70,55,50,25,39.5,3,0,"{Thick Fat, Ice Body, Oblivious}"
364,Sealeo,60,70,90,75,70,45,87.6,3,0,"{Thick Fat, Ice Body, Oblivious}"
365,Walrein,80,90,110,95,90,65,150.6,3,0,"{Thick Fat, Ice Body, Oblivious}"
366,Clamperl,64,85,35,74,55,32,52.5,3,0,"{Shell Armor, Rattled}"
367,Huntail,104,105,55,94,75,52,27.0,3,0,"{Swift Swim, Water Veil}"
368,Gorebyss,84,105,55,114,75,52,22.6,3,0,"{Swift Swim, Hydration}"
369,Relicanth,90,130,100,45,65,55,23.4,3,0,"{Swift Swim, Rock Head, Sturdy}"
370,Luvdisc,30,55,43,40,65,97,8.7,3,0,"{Swift Swim, Hydration}"
371,Bagon,75,60,45,40,30,50,42.1,3,0,"{Rock Head, Sheer Force}"
372,Shelgon,95,100,65,60,50,50,110.5,3,0,"{Rock Head, Overcoat}"
373,Salamence,145,130,95,120,90,120,102.6,3,0,"{Intimidate, Moxie}"
374,Beldum,55,80,40,35,60,30,95.2,3,0,"{Clear Body, Light Metal}"
375,Metang,75,100,60,55,80,50,202.5,3,0,"{Clear Body, Light Metal}"
376,Metagross,145,150,80,105,110,110,550.0,3,0,"{Clear Body, Light Metal}"
377,Regirock,100,200,80,50,100,50,230.0,3,1,"{Clear Body, Sturdy}"
378,Regice,50,100,80,100,200,50,175.0,3,1,"{Clear Body, Ice Body}"
379,Registeel,75,150,80,75,150,50,205.0,3,1,"{Clear Body, Light Metal}"
380,Latias,100,120,80,140,150,110,40.0,3,1,{Levitate}
381,Latios,130,100,80,160,120,110,60.0,3,1,{Levitate}
382,Kyogre,150,90,100,180,160,90,352.0,3,1,{Drizzle}
383,Groudon,180,160,100,150,90,90,950.0,3,1,{Drought}
384,Rayquaza,180,100,105,180,100,115,206.5,3,1,{Air Lock}
385,Jirachi,100,100,100,100,100,100,1.1,3,1,{Serene Grace}
386,Deoxys,95,90,50,95,90,180,60.8,3,1,{Pressure}
387,Turtwig,68,64,55,45,55,31,10.2,4,0,"{Overgrow, Shell Armor}"
388,Grotle,89,85,75,55,65,36,97.0,4,0,"{Overgrow, Shell Armor}"
389,Torterra,109,105,95,75,85,56,310.0,4,0,"{Overgrow, Shell Armor}"
390,Chimchar,58,44,44,58,44,61,6.2,4,0,"{Blaze, Iron Fist}"
391,Monferno,78,52,64,78,52,81,22.0,4,0,"{Blaze, Iron Fist}"
392,Infernape,104,71,76,104,71,108,55.0,4,0,"{Blaze, Iron Fist}"
393,Piplup,51,53,53,61,56,40,5.2,4,0,"{Torrent, Defiant}"
394,Prinplup,66,68,64,81,76,50,23.0,4,0,"{Torrent, Defiant}"
395,Empoleon,86,88,84,111,101,60,84.5,4,0,"{Torrent, Defiant}"
396,Starly,55,30,40,30,30,60,2.0,4,0,"{Keen Eye, Reckless}"
397,Staravia,75,50,55,40,40,80,15.5,4,0,"{Intimidate, Reckless}"
398,Staraptor,120,70,85,50,60,100,24.9,4,0,"{Intimidate, Reckless}"
399,Bidoof,45,40,59,35,40,31,20.0,4,0,"{Simple, Unaware, Moody}"
400,Bibarel,85,60,79,55,60,71,31.5,4,0,"{Simple, Unaware, Moody}"
401,Kricketot,25,41,37,25,41,25,2.2,4,0,"{Shed Skin, Run Away}"
402,Kricketune,85,51,77,55,51,65,25.5,4,0,"{Swarm, Technician}"
403,Shinx,65,34,45,40,34,45,9.5,4,0,"{Rivalry, Intimidate, Guts}"
404,Luxio,85,49,60,60,49,60,30.5,4,0,"{Rivalry, Intimidate, Guts}"
405,Luxray,120,79,80,95,79,70,42.0,4,0,"{Rivalry, Intimidate, Guts}"
406,Budew,30,35,40,50,70,55,1.2,4,0,"{Natural Cure, Poison Point, Leaf Guard}"
407,Roserade,70,65,60,125,105,90,14.5,4,0,"{Natural Cure, Poison Point, Technician}"
408,Cranidos,125,40,67,30,30,58,31.5,4,0,"{Mold Breaker, Sheer Force}"
409,Rampardos,165,60,97,65,50,58,102.5,4,0,"{Mold Breaker, Sheer Force}"
410,Shieldon,42,118,30,42,88,30,57.0,4,0,"{Sturdy, Soundproof}"
411,Bastiodon,52,168,60,47,138,30,149.5,4,0,"{Sturdy, Soundproof}"
412,Burmy,29,45,40,29,45,36,3.4,4,0,"{Shed Skin, Overcoat}"
413,Wormadam,69,95,60,69,95,36,6.5,4,0,"{Anticipation, Overcoat}"
414,Mothim,94,50,70,94,50,66,23.3,4,0,"{Swarm, Tinted Lens}"
415,Combee,30,42,30,30,42,70,5.5,4,0,"{Honey Gather, Hustle}"
416,Vespiquen,80,102,70,80,102,40,38.5,4,0,"{Pressure, Unnerve}"
417,Pachirisu,45,70,60,45,90,95,3.9,4,0,"{Run Away, Pickup, Volt Absorb}"
418,Buizel,65,35,55,60,30,85,29.5,4,0,"{Swift Swim, Water Veil}"
419,Floatzel,105,55,85,85,50,115,33.5,4,0,"{Swift Swim, Water Veil}"
420,Cherubi,35,45,45,62,53,35,3.3,4,0,{Chlorophyll}
421,Cherrim,60,70,70,87,78,85,9.3,4,0,{Flower Gift}
422,Shellos,48,48,76,57,62,34,6.3,4,0,"{Sticky Hold, Storm Drain, Sand Force}"
423,Gastrodon,83,68,111,92,82,39,29.9,4,0,"{Sticky Hold, Storm Drain, Sand Force}"
424,Ambipom,100,66,75,60,66,115,20.3,4,0,"{Technician, Pickup, Skill Link}"
425,Drifloon,50,34,90,60,44,70,1.2,4,0,"{Aftermath, Unburden, Flare Boost}"
426,Drifblim,80,44,150,90,54,80,15.0,4,0,"{Aftermath, Unburden, Flare Boost}"
427,Buneary,66,44,55,44,56,85,5.5,4,0,"{Run Away, Klutz, Limber}"
428,Lopunny,136,94,65,54,96,135,33.3,4,0,"{Cute Charm, Klutz, Limber}"
429,Mismagius,60,60,60,105,105,105,4.4,4,0,{Levitate}
430,Honchkrow,125,52,100,105,52,71,27.3,4,0,"{Insomnia, Super Luck, Moxie}"
431,Glameow,55,42,49,42,37,85,3.9,4,0,"{Limber, Own Tempo, Keen Eye}"
432,Purugly,82,64,71,64,59,112,43.8,4,0,"{Thick Fat, Own Tempo, Defiant}"
433,Chingling,30,50,45,65,50,45,0.6,4,0,{Levitate}
434,Stunky,63,47,63,41,41,74,19.2,4,0,"{Stench, Aftermath, Keen Eye}"
435,Skuntank,93,67,103,71,61,84,38.0,4,0,"{Stench, Aftermath, Keen Eye}"
436,Bronzor,24,86,57,24,86,23,60.5,4,0,"{Levitate, Heatproof, Heavy Metal}"
437,Bronzong,89,116,67,79,116,33,187.0,4,0,"{Levitate, Heatproof, Heavy Metal}"
438,Bonsly,80,95,50,10,45,10,15.0,4,0,"{Sturdy, Rock Head, Rattled}"
439,Mime Jr.,25,45,20,70,90,60,13.0,4,0,"{Soundproof, Filter, Technician}"
440,Happiny,5,5,100,15,65,30,24.4,4,0,"{Natural Cure, Serene Grace, Friend Guard}"
441,Chatot,65,45,76,92,42,91,1.9,4,0,"{Keen Eye, Tangled Feet, Big Pecks}"
442,Spiritomb,92,108,50,92,108,35,108.0,4,0,"{Pressure, Infiltrator}"
443,Gible,70,45,58,40,45,42,20.5,4,0,"{Sand Veil, Rough Skin}"
444,Gabite,90,65,68,50,55,82,56.0,4,0,"{Sand Veil, Rough Skin}"
445,Garchomp,170,115,108,120,95,92,95.0,4,0,"{Sand Veil, Rough Skin}"
446,Munchlax,85,40,135,40,85,5,105.0,4,0,"{Pickup, Thick Fat, Gluttony}"
447,Riolu,70,40,40,35,40,60,20.2,4,0,"{Steadfast, Inner Focus, Prankster}"
448,Lucario,145,88,70,140,70,112,54.0,4,0,"{Steadfast, Inner Focus, Justified}"
449,Hippopotas,72,78,68,38,42,32,49.5,4,0,"{Sand Stream, Sand Force}"
450,Hippowdon,112,118,108,68,72,47,300.0,4,0,"{Sand Stream, Sand Force}"
451,Skorupi,50,90,40,30,55,65,12.0,4,0,"{Battle Armor, Sniper, Keen Eye}"
452,Drapion,90,110,70,60,75,95,61.5,4,0,"{Battle Armor, Sniper, Keen Eye}"
453,Croagunk,61,40,48,61,40,50,23.0,4,0,"{Anticipation, Dry Skin, Poison Touch}"
454,Toxicroak,106,65,83,86,65,85,44.4,4,0,"{Anticipation, Dry Skin, Poison Touch}"
455,Carnivine,100,72,74,90,72,46,27.0,4,0,{Levitate}
456,Finneon,49,56,49,49,61,66,7.0,4,0,"{Swift Swim, Storm Drain, Water Veil}"
457,Lumineon,69,76,69,69,86,91,24.0,4,0,"{Swift Swim, Storm Drain, Water Veil}"
458,Mantyke,20,50,45,60,120,50,65.0,4,0,"{Swift Swim, Water Absorb, Water Veil}"
459,Snover,62,50,60,62,60,40,50.5,4,0,"{Snow Warning, Soundproof}"
460,Abomasnow,132,105,90,132,105,30,135.5,4,0,"{Snow Warning, Soundproof}"
461,Weavile,120,65,70,45,85,125,34.0,4,0,"{Pressure, Pickpocket}"
462,Magnezone,70,115,70,130,90,60,180.0,4,0,"{Magnet Pull, Sturdy, Analytic}"
463,Lickilicky,85,95,110,80,95,50,140.0,4,0,"{Own Tempo, Oblivious, Cloud Nine}"
464,Rhyperior,140,130,115,55,55,40,282.8,4,0,"{Lightningrod, Solid Rock, Reckless}"
465,Tangrowth,100,125,100,110,50,50,128.6,4,0,"{Chlorophyll, Leaf Guard, Regenerator}"
466,Electivire,123,67,75,95,85,95,138.6,4,0,"{Motor Drive, Vital Spirit}"
467,Magmortar,95,67,75,125,95,83,68.0,4,0,"{Flame Body, Vital Spirit}"
468,Togekiss,50,95,85,120,115,80,38.0,4,0,"{Hustle, Serene Grace, Super Luck}"
469,Yanmega,76,86,86,116,56,95,51.5,4,0,"{Speed Boost, Tinted Lens, Frisk}"
470,Leafeon,110,130,65,60,65,95,25.5,4,0,"{Leaf Guard, Chlorophyll}"
471,Glaceon,60,110,65,130,95,65,25.9,4,0,"{Snow Cloak, Ice Body}"
472,Gliscor,95,125,75,45,75,95,42.5,4,0,"{Hyper Cutter, Sand Veil, Poison Heal}"
473,Mamoswine,130,80,110,70,60,80,291.0,4,0,"{Oblivious, Snow Cloak, Thick Fat}"
474,Porygon-Z,80,70,85,135,75,90,34.0,4,0,"{Adaptability, Download, Analytic}"
475,Gallade,165,95,68,65,115,110,52.0,4,0,"{Steadfast, Justified}"
476,Probopass,55,145,60,75,150,40,340.0,4,0,"{Sturdy, Magnet Pull, Sand Force}"
477,Dusknoir,100,135,45,65,135,45,106.6,4,0,"{Pressure, Frisk}"
478,Froslass,80,70,70,80,70,110,26.6,4,0,"{Snow Cloak, Cursed Body}"
479,Rotom,65,107,50,105,107,86,0.3,4,0,{Levitate}
480,Uxie,75,130,75,75,130,95,0.3,4,1,{Levitate}
481,Mesprit,105,105,80,105,105,80,0.3,4,1,{Levitate}
482,Azelf,125,70,75,125,70,115,0.3,4,1,{Levitate}
483,Dialga,120,120,100,150,100,90,683.0,4,1,"{Pressure, Telepathy}"
484,Palkia,120,100,90,150,120,100,336.0,4,1,"{Pressure, Telepathy}"
485,Heatran,90,106,91,130,106,77,430.0,4,1,"{Flash Fire, Flame Body}"
486,Regigigas,160,110,110,80,110,100,420.0,4,1,{Slow Start}
487,Giratina,120,100,150,120,100,90,750.0,4,1,"{Pressure, Telepathy, Levitate}"
488,Cresselia,70,120,120,75,130,85,85.6,4,1,{Levitate}
489,Phione,80,80,80,80,80,80,3.1,4,0,{Hydration}
490,Manaphy,100,100,100,100,100,100,1.4,4,1,{Hydration}
491,Darkrai,90,90,70,135,90,125,50.5,4,1,{Bad Dreams}
492,Shaymin,103,75,100,120,75,127,2.1,4,1,"{Natural Cure, Serene Grace}"
493,Arceus,120,120,120,120,120,120,320.0,4,1,{Multitype}
494,Victini,100,100,100,100,100,100,4.0,5,1,{Victory Star}
495,Snivy,45,55,45,45,55,63,8.1,5,0,"{Overgrow, Contrary}"
496,Servine,60,75,60,60,75,83,16.0,5,0,"{Overgrow, Contrary}"
497,Serperior,75,95,75,75,95,113,63.0,5,0,"{Overgrow, Contrary}"
498,Tepig,63,45,65,45,45,45,9.9,5,0,"{Blaze, Thick Fat}"
499,Pignite,93,55,90,70,55,55,55.5,5,0,"{Blaze, Thick Fat}"
500,Emboar,123,65,110,100,65,65,150.0,5,0,"{Blaze, Reckless}"
501,Oshawott,55,45,55,63,45,45,5.9,5,0,"{Torrent, Shell Armor}"
502,Dewott,75,60,75,83,60,60,24.5,5,0,"{Torrent, Shell Armor}"
503,Samurott,100,85,95,108,70,70,94.6,5,0,"{Torrent, Shell Armor}"
504,Patrat,55,39,45,35,39,42,11.6,5,0,"{Run Away, Keen Eye, Analytic}"
505,Watchog,85,69,60,60,69,77,27.0,5,0,"{Illuminate, Keen Eye, Analytic}"
506,Lillipup,60,45,45,25,45,55,4.1,5,0,"{Vital Spirit, Pickup, Run Away}"
507,Herdier,80,65,65,35,65,60,14.7,5,0,"{Intimidate, Sand Rush, Scrappy}"
508,Stoutland,110,90,85,45,90,80,61.0,5,0,"{Intimidate, Sand Rush, Scrappy}"
509,Purrloin,50,37,41,50,37,66,10.1,5,0,"{Limber, Unburden, Prankster}"
510,Liepard,88,50,64,88,50,106,37.5,5,0,"{Limber, Unburden, Prankster}"
511,Pansage,53,48,50,53,48,64,10.5,5,0,"{Gluttony, Overgrow}"
512,Simisage,98,63,75,98,63,101,30.5,5,0,"{Gluttony, Overgrow}"
513,Pansear,53,48,50,53,48,64,11.0,5,0,"{Gluttony, Blaze}"
514,Simisear,98,63,75,98,63,101,28.0,5,0,"{Gluttony, Blaze}"
515,Panpour,53,48,50,53,48,64,13.5,5,0,"{Gluttony, Torrent}"
516,Simipour,98,63,75,98,63,101,29.0,5,0,"{Gluttony, Torrent}"
517,Munna,25,45,76,67,55,24,23.3,5,0,"{Forewarn, Synchronize, Telepathy}"
518,Musharna,55,85,116,107,95,29,60.5,5,0,"{Forewarn, Synchronize, Telepathy}"
519,Pidove,55,50,50,36,30,43,2.1,5,0,"{Big Pecks, Super Luck, Rivalry}"
520,Tranquill,77,62,62,50,42,65,15.0,5,0,"{Big Pecks, Super Luck, Rivalry}"
521,Unfezant,115,80,80,65,55,93,29.0,5,0,"{Big Pecks, Super Luck, Rivalry}"
522,Blitzle,60,32,45,50,32,76,29.8,5,0,"{Lightningrod, Motor Drive, Sap Sipper}"
523,Zebstrika,100,63,75,80,63,116,79.5,5,0,"{Lightningrod, Motor Drive, Sap Sipper}"
524,Roggenrola,75,85,55,25,25,15,18.0,5,0,"{Sturdy, Weak Armor, Sand Force}"
525,Boldore,105,105,70,50,40,20,102.0,5,0,"{Sturdy, Weak Armor, Sand Force}"
526,Gigalith,135,130,85,60,80,25,260.0,5,0,"{Sturdy, Sand Stream, Sand Force}"
527,Woobat,45,43,65,55,43,72,2.1,5,0,"{Unaware, Klutz, Simple}"
528,Swoobat,57,55,67,77,55,114,10.5,5,0,"{Unaware, Klutz, Simple}"
529,Drilbur,85,40,60,30,45,68,8.5,5,0,"{Sand Rush, Sand Force, Mold Breaker}"
530,Excadrill,135,60,110,50,65,88,40.4,5,0,"{Sand Rush, Sand Force, Mold Breaker}"
531,Audino,60,126,103,80,126,50,31.0,5,0,"{Healer, Regenerator, Klutz}"
532,Timburr,80,55,75,25,35,35,12.5,5,0,"{Guts, Sheer Force, Iron Fist}"
533,Gurdurr,105,85,85,40,50,40,40.0,5,0,"{Guts, Sheer Force, Iron Fist}"
534,Conkeldurr,140,95,105,55,65,45,87.0,5,0,"{Guts, Sheer Force, Iron Fist}"
535,Tympole,50,40,50,50,40,64,4.5,5,0,"{Swift Swim, Hydration, Water Absorb}"
536,Palpitoad,65,55,75,65,55,69,17.0,5,0,"{Swift Swim, Hydration, Water Absorb}"
537,Seismitoad,95,75,105,85,75,74,62.0,5,0,"{Swift Swim, Poison Touch, Water Absorb}"
538,Throh,100,85,120,30,85,45,55.5,5,0,"{Guts, Inner Focus, Mold Breaker}"
539,Sawk,125,75,75,30,75,85,51.0,5,0,"{Sturdy, Inner Focus, Mold Breaker}"
540,Sewaddle,53,70,45,40,60,42,2.5,5,0,"{Swarm, Chlorophyll, Overcoat}"
541,Swadloon,63,90,55,50,80,42,7.3,5,0,"{Leaf Guard, Chlorophyll, Overcoat}"
542,Leavanny,103,80,75,70,80,92,20.5,5,0,"{Swarm, Chlorophyll, Overcoat}"
543,Venipede,45,59,30,30,39,57,5.3,5,0,"{Poison Point, Swarm, Speed Boost}"
544,Whirlipede,55,99,40,40,79,47,58.5,5,0,"{Poison Point, Swarm, Speed Boost}"
545,Scolipede,100,89,60,55,69,112,200.5,5,0,"{Poison Point, Swarm, Speed Boost}"
546,Cottonee,27,60,40,37,50,66,0.6,5,0,"{Prankster, Infiltrator, Chlorophyll}"
547,Whimsicott,67,85,60,77,75,116,6.6,5,0,"{Prankster, Infiltrator, Chlorophyll}"
548,Petilil,35,50,45,70,50,30,6.6,5,0,"{Chlorophyll, Own Tempo, Leaf Guard}"
549,Lilligant,60,75,70,110,75,90,16.3,5,0,"{Chlorophyll, Own Tempo, Leaf Guard}"
550,Basculin,92,65,70,80,55,98,18.0,5,0,"{Reckless, Rock Head, Adaptability, Mold Breaker}"
551,Sandile,72,35,50,35,35,65,15.2,5,0,"{Intimidate, Moxie, Anger Point}"
552,Krokorok,82,45,60,45,45,74,33.4,5,0,"{Intimidate, Moxie, Anger Point}"
553,Krookodile,117,80,95,65,70,92,96.3,5,0,"{Intimidate, Moxie, Anger Point}"
554,Darumaka,90,45,70,15,45,50,37.5,5,0,"{Hustle, Inner Focus}"
555,Darmanitan,30,105,105,140,105,55,92.9,5,0,"{Sheer Force, Zen Mode}"
556,Maractus,86,67,75,106,67,60,28.0,5,0,"{Water Absorb, Chlorophyll, Storm Drain}"
557,Dwebble,65,85,50,35,35,55,14.5,5,0,"{Sturdy, Shell Armor, Weak Armor}"
558,Crustle,105,125,70,65,75,45,200.0,5,0,"{Sturdy, Shell Armor, Weak Armor}"
559,Scraggy,75,70,50,35,70,48,11.8,5,0,"{Shed Skin, Moxie, Intimidate}"
560,Scrafty,90,115,65,45,115,58,30.0,5,0,"{Shed Skin, Moxie, Intimidate}"
561,Sigilyph,58,80,72,103,80,97,14.0,5,0,"{Wonder Skin , Magic Guard, Tinted Lens}"
562,Yamask,30,85,38,55,65,30,1.5,5,0,{Mummy}
563,Cofagrigus,50,145,58,95,105,30,76.5,5,0,{Mummy}
564,Tirtouga,78,103,54,53,45,22,16.5,5,0,"{Solid Rock, Sturdy, Swift Swim}"
565,Carracosta,108,133,74,83,65,32,81.0,5,0,"{Solid Rock, Sturdy, Swift Swim}"
566,Archen,112,45,55,74,45,70,9.5,5,0,{Defeatist}
567,Archeops,140,65,75,112,65,110,32.0,5,0,{Defeatist}
568,Trubbish,50,62,50,40,62,65,31.0,5,0,"{Stench, Sticky Hold, Aftermath}"
569,Garbodor,95,82,80,60,82,75,107.3,5,0,"{Stench, Weak Armor, Aftermath}"
570,Zorua,65,40,40,80,40,65,12.5,5,0,{Illusion}
571,Zoroark,105,60,60,120,60,105,81.1,5,0,{Illusion}
572,Minccino,50,40,55,40,40,75,5.8,5,0,"{Cute Charm, Technician, Skill Link}"
573,Cinccino,95,60,75,65,60,115,7.5,5,0,"{Cute Charm, Technician, Skill Link}"
574,Gothita,30,50,45,55,65,45,5.8,5,0,"{Frisk, Competitive, Shadow Tag}"
575,Gothorita,45,70,60,75,85,55,18.0,5,0,"{Frisk, Competitive, Shadow Tag}"
576,Gothitelle,55,95,70,95,110,65,44.0,5,0,"{Frisk, Competitive, Shadow Tag}"
577,Solosis,30,40,45,105,50,20,1.0,5,0,"{Overcoat, Magic Guard, Regenerator}"
578,Duosion,40,50,65,125,60,30,8.0,5,0,"{Overcoat, Magic Guard, Regenerator}"
579,Reuniclus,65,75,110,125,85,30,20.1,5,0,"{Overcoat, Magic Guard, Regenerator}"
580,Ducklett,44,50,62,44,50,55,5.5,5,0,"{Keen Eye, Big Pecks, Hydration}"
581,Swanna,87,63,75,87,63,98,24.2,5,0,"{Keen Eye, Big Pecks, Hydration}"
582,Vanillite,50,50,36,65,60,44,5.7,5,0,"{Ice Body, Snow Cloak, Weak Armor}"
583,Vanillish,65,65,51,80,75,59,41.0,5,0,"{Ice Body, Snow Cloak, Weak Armor}"
584,Vanilluxe,95,85,71,110,95,79,57.5,5,0,"{Ice Body, Snow Warning, Weak Armor}"
585,Deerling,60,50,60,40,50,75,19.5,5,0,"{Chlorophyll, Sap Sipper, Serene Grace}"
586,Sawsbuck,100,70,80,60,70,95,92.5,5,0,"{Chlorophyll, Sap Sipper, Serene Grace}"
587,Emolga,75,60,55,75,60,103,5.0,5,0,"{Static, Motor Drive}"
588,Karrablast,75,45,50,40,45,60,5.9,5,0,"{Swarm, Shed Skin, No Guard}"
589,Escavalier,135,105,70,60,105,20,33.0,5,0,"{Swarm, Shell Armor, Overcoat}"
590,Foongus,55,45,69,55,55,15,1.0,5,0,"{Effect Spore, Regenerator}"
591,Amoonguss,85,70,114,85,80,30,10.5,5,0,"{Effect Spore, Regenerator}"
592,Frillish,40,50,55,65,85,40,33.0,5,0,"{Water Absorb, Cursed Body, Damp}"
593,Jellicent,60,70,100,85,105,60,135.0,5,0,"{Water Absorb, Cursed Body, Damp}"
594,Alomomola,75,80,165,40,45,65,31.6,5,0,"{Healer, Hydration, Regenerator}"
595,Joltik,47,50,50,57,50,65,0.6,5,0,"{Compoundeyes, Unnerve, Swarm}"
596,Galvantula,77,60,70,97,60,108,14.3,5,0,"{Compoundeyes, Unnerve, Swarm}"
597,Ferroseed,50,91,44,24,86,10,18.8,5,0,{Iron Barbs}
598,Ferrothorn,94,131,74,54,116,20,110.0,5,0,"{Iron Barbs, Anticipation}"
599,Klink,55,70,40,45,60,30,21.0,5,0,"{Plus, Minus, Clear Body}"
600,Klang,80,95,60,70,85,50,51.0,5,0,"{Plus, Minus, Clear Body}"
601,Klinklang,100,115,60,70,85,90,81.0,5,0,"{Plus, Minus, Clear Body}"
602,Tynamo,55,40,35,45,40,60,0.3,5,0,{Levitate}
603,Eelektrik,85,70,65,75,70,40,22.0,5,0,{Levitate}
604,Eelektross,115,80,85,105,80,50,80.5,5,0,{Levitate}
605,Elgyem,55,55,55,85,55,30,9.0,5,0,"{Telepathy, Synchronize, Analytic}"
606,Beheeyem,75,75,75,125,95,40,34.5,5,0,"{Telepathy, Synchronize, Analytic}"
607,Litwick,30,55,50,65,55,20,3.1,5,0,"{Flash Fire, Flame Body, Infiltrator}"
608,Lampent,40,60,60,95,60,55,13.0,5,0,"{Flash Fire, Flame Body, Infiltrator}"
609,Chandelure,55,90,60,145,90,80,34.3,5,0,"{Flash Fire, Flame Body, Infiltrator}"
610,Axew,87,60,46,30,40,57,18.0,5,0,"{Rivalry, Mold Breaker, Unnerve}"
611,Fraxure,117,70,66,40,50,67,36.0,5,0,"{Rivalry, Mold Breaker, Unnerve}"
612,Haxorus,147,90,76,60,70,97,105.5,5,0,"{Rivalry, Mold Breaker, Unnerve}"
613,Cubchoo,70,40,55,60,40,40,8.5,5,0,"{Snow Cloak, Slush Rush, Rattled}"
614,Beartic,130,80,95,70,80,50,260.0,5,0,"{Snow Cloak, Slush Rush, Swift Swim}"
615,Cryogonal,50,50,80,95,135,105,148.0,5,0,{Levitate}
616,Shelmet,40,85,50,40,65,25,7.7,5,0,"{Hydration, Shell Armor, Overcoat}"
617,Accelgor,70,40,80,100,60,145,25.3,5,0,"{Hydration, Sticky Hold, Unburden}"
618,Stunfisk,66,84,109,81,99,32,11.0,5,0,"{Static, Limber, Sand Veil}"
619,Mienfoo,85,50,45,55,50,65,20.0,5,0,"{Inner Focus, Regenerator, Reckless}"
620,Mienshao,125,60,65,95,60,105,35.5,5,0,"{Inner Focus, Regenerator, Reckless}"
621,Druddigon,120,90,77,60,90,48,139.0,5,0,"{Rough Skin, Sheer Force, Mold Breaker}"
622,Golett,74,50,59,35,50,35,92.0,5,0,"{Iron Fist, Klutz, No Guard}"
623,Golurk,124,80,89,55,80,55,330.0,5,0,"{Iron Fist, Klutz, No Guard}"
624,Pawniard,85,70,45,40,40,60,10.2,5,0,"{Defiant, Inner Focus, Pressure}"
625,Bisharp,125,100,65,60,70,70,70.0,5,0,"{Defiant, Inner Focus, Pressure}"
626,Bouffalant,110,95,95,40,95,55,94.6,5,0,"{Reckless, Sap Sipper, Soundproof}"
627,Rufflet,83,50,70,37,50,60,10.5,5,0,"{Keen Eye, Sheer Force, Hustle}"
628,Braviary,123,75,100,57,75,80,41.0,5,0,"{Keen Eye, Sheer Force, Defiant}"
629,Vullaby,55,75,70,45,65,60,9.0,5,0,"{Big Pecks, Overcoat, Weak Armor}"
630,Mandibuzz,65,105,110,55,95,80,39.5,5,0,"{Big Pecks, Overcoat, Weak Armor}"
631,Heatmor,97,66,85,105,66,65,58.0,5,0,"{Gluttony, Flash Fire, White Smoke}"
632,Durant,109,112,58,48,48,109,33.0,5,0,"{Swarm, Hustle, Truant}"
633,Deino,65,50,52,45,50,38,17.3,5,0,{Hustle}
634,Zweilous,85,70,72,65,70,58,50.0,5,0,{Hustle}
635,Hydreigon,105,90,92,125,90,98,160.0,5,0,{Levitate}
636,Larvesta,85,55,55,50,55,60,28.8,5,0,"{Flame Body, Swarm}"
637,Volcarona,60,65,85,135,105,100,46.0,5,0,"{Flame Body, Swarm}"
638,Cobalion,90,129,91,90,72,108,250.0,5,1,{Justified}
639,Terrakion,129,90,91,72,90,108,260.0,5,1,{Justified}
640,Virizion,90,72,91,90,129,108,200.0,5,1,{Justified}
641,Tornadus,100,80,79,110,90,121,63.0,5,1,"{Prankster, Defiant, Regenerator}"
642,Thundurus,105,70,79,145,80,101,61.0,5,1,"{Prankster, Defiant, Volt Absorb}"
643,Reshiram,120,100,100,150,120,90,330.0,5,1,{Turboblaze}
644,Zekrom,150,120,100,120,100,90,345.0,5,1,{Teravolt}
645,Landorus,145,90,89,105,80,91,68.0,5,1,"{Sand Force, Sheer Force, Intimidate}"
646,Kyurem,120,90,125,170,100,95,325.0,5,1,"{Pressure, Teravolt, Turboblaze}"
647,Keldeo,72,90,91,129,90,108,48.5,5,1,{Justified}
648,Meloetta,128,90,100,77,77,128,6.5,5,1,{Serene Grace}
649,Genesect,120,95,71,120,95,99,82.5,5,1,{Download}
650,Chespin,61,65,56,48,45,38,9.0,6,0,"{Overgrow, Bulletproof}"
651,Quilladin,78,95,61,56,58,57,29.0,6,0,"{Overgrow, Bulletproof}"
652,Chesnaught,107,122,88,74,75,64,90.0,6,0,"{Overgrow, Bulletproof}"
653,Fennekin,45,40,40,62,60,60,9.4,6,0,"{Blaze, Magician}"
654,Braixen,59,58,59,90,70,73,14.5,6,0,"{Blaze, Magician}"
655,Delphox,69,72,75,114,100,104,39.0,6,0,"{Blaze, Magician}"
656,Froakie,56,40,41,62,44,71,7.0,6,0,"{Torrent, Protean}"
657,Frogadier,63,52,54,83,56,97,10.9,6,0,"{Torrent, Protean}"
658,Greninja,145,67,72,153,71,132,40.0,6,0,"{Torrent, Protean, Battle Bond}"
659,Bunnelby,36,38,38,32,36,57,5.0,6,0,"{Pickup, Cheek Pouch, Huge Power}"
660,Diggersby,56,77,85,50,77,78,42.4,6,0,"{Pickup, Cheek Pouch, Huge Power}"
661,Fletchling,50,43,45,40,38,62,1.7,6,0,"{Big Pecks, Gale Wings}"
662,Fletchinder,73,55,62,56,52,84,16.0,6,0,"{Flame Body, Gale Wings}"
663,Talonflame,81,71,78,74,69,126,24.5,6,0,"{Flame Body, Gale Wings}"
664,Scatterbug,35,40,38,27,25,35,2.5,6,0,"{Shield Dust, Compoundeyes, Friend Guard}"
665,Spewpa,22,60,45,27,30,29,8.4,6,0,"{Shed Skin, Friend Guard}"
666,Vivillon,52,50,80,90,50,89,17.0,6,0,"{Shield Dust, Compoundeyes, Friend Guard}"
667,Litleo,50,58,62,73,54,72,13.5,6,0,"{Rivalry, Unnerve, Moxie}"
668,Pyroar,68,72,86,109,66,106,81.5,6,0,"{Rivalry, Unnerve, Moxie}"
669,Flabébé,38,39,44,61,79,42,0.1,6,0,"{Flower Veil, Symbiosis}"
670,Floette,65,67,74,125,128,92,0.9,6,0,"{Flower Veil, Symbiosis}"
671,Florges,65,68,78,112,154,75,10.0,6,0,"{Flower Veil, Symbiosis}"
672,Skiddo,65,48,66,62,57,52,31.0,6,0,"{Sap Sipper, Grass Pelt}"
673,Gogoat,100,62,123,97,81,68,91.0,6,0,"{Sap Sipper, Grass Pelt}"
674,Pancham,82,62,67,46,48,43,8.0,6,0,"{Iron Fist, Mold Breaker, Scrappy}"
675,Pangoro,124,78,95,69,71,58,136.0,6,0,"{Iron Fist, Mold Breaker, Scrappy}"
676,Furfrou,80,60,75,65,90,102,28.0,6,0,{Fur Coat}
677,Espurr,48,54,62,63,60,68,3.5,6,0,"{Keen Eye, Infiltrator, Own Tempo}"
678,Meowstic,48,76,74,83,81,104,8.5,6,0,"{Keen Eye, Infiltrator, Prankster, Competitive}"
679,Honedge,80,100,45,35,37,28,2.0,6,0,{No Guard}
680,Doublade,110,150,59,45,49,35,4.5,6,0,{No Guard}
681,Aegislash,150,50,60,150,50,60,53.0,6,0,{Stance Change}
682,Spritzee,52,60,78,63,65,23,0.5,6,0,"{Healer, Aroma Veil}"
683,Aromatisse,72,72,101,99,89,29,15.5,6,0,"{Healer, Aroma Veil}"
684,Swirlix,48,66,62,59,57,49,3.5,6,0,"{Sweet Veil, Unburden}"
685,Slurpuff,80,86,82,85,75,72,5.0,6,0,"{Sweet Veil, Unburden}"
686,Inkay,54,53,53,37,46,45,3.5,6,0,"{Contrary, Suction Cups, Infiltrator}"
687,Malamar,92,88,86,68,75,73,47.0,6,0,"{Contrary, Suction Cups, Infiltrator}"
688,Binacle,52,67,42,39,56,50,31.0,6,0,"{Tough Claws, Sniper, Pickpocket}"
689,Barbaracle,105,115,72,54,86,68,96.0,6,0,"{Tough Claws, Sniper, Pickpocket}"
690,Skrelp,60,60,50,60,60,30,7.3,6,0,"{Poison Point, Poison Touch, Adaptability}"
691,Dragalge,75,90,65,97,123,44,81.5,6,0,"{Poison Point, Poison Touch, Adaptability}"
692,Clauncher,53,62,50,58,63,44,8.3,6,0,{Mega Launcher}
693,Clawitzer,73,88,71,120,89,59,35.3,6,0,{Mega Launcher}
694,Helioptile,38,33,44,61,43,70,6.0,6,0,"{Dry Skin, Sand Veil, Solar Power}"
695,Heliolisk,55,52,62,109,94,109,21.0,6,0,"{Dry Skin, Sand Veil, Solar Power}"
696,Tyrunt,89,77,58,45,45,48,26.0,6,0,"{Strong Jaw, Sturdy}"
697,Tyrantrum,121,119,82,69,59,71,270.0,6,0,"{Strong Jaw, Rock Head}"
698,Amaura,59,50,77,67,63,46,25.2,6,0,"{Refrigerate, Snow Warning}"
699,Aurorus,77,72,123,99,92,58,225.0,6,0,"{Refrigerate, Snow Warning}"
700,Sylveon,65,65,95,110,130,60,23.5,6,0,"{Cute Charm, Pixilate}"
701,Hawlucha,92,75,78,74,63,118,21.5,6,0,"{Limber, Unburden, Mold Breaker}"
702,Dedenne,58,57,67,81,67,101,2.2,6,0,"{Cheek Pouch, Pickup, Plus}"
703,Carbink,50,150,50,50,150,50,5.7,6,0,"{Clear Body, Sturdy}"
704,Goomy,50,35,45,55,75,40,2.8,6,0,"{Sap Sipper, Hydration, Gooey}"
705,Sliggoo,75,53,68,83,113,60,17.5,6,0,"{Sap Sipper, Hydration, Gooey}"
706,Goodra,100,70,90,110,150,80,150.5,6,0,"{Sap Sipper, Hydration, Gooey}"
707,Klefki,80,91,57,80,87,75,3.0,6,0,"{Prankster, Magician}"
708,Phantump,70,48,43,50,60,38,7.0,6,0,"{Natural Cure, Frisk, Harvest}"
709,Trevenant,110,76,85,65,82,56,71.0,6,0,"{Natural Cure, Frisk, Harvest}"
710,Pumpkaboo,66,70,59,44,55,41,15.0,6,0,"{Pickup, Frisk, Insomnia}"
711,Gourgeist,100,122,85,58,75,54,39.0,6,0,"{Pickup, Frisk, Insomnia}"
712,Bergmite,69,85,55,32,35,28,99.5,6,0,"{Own Tempo, Ice Body, Sturdy}"
713,Avalugg,117,184,95,44,46,28,505.0,6,0,"{Own Tempo, Ice Body, Sturdy}"
714,Noibat,30,35,40,45,40,55,8.0,6,0,"{Frisk, Infiltrator, Telepathy}"
715,Noivern,70,80,85,97,80,123,85.0,6,0,"{Frisk, Infiltrator, Telepathy}"
716,Xerneas,131,95,126,131,98,99,215.0,6,1,{Fairy Aura}
717,Yveltal,131,95,126,131,98,99,203.0,6,1,{Dark Aura}
718,Zygarde,100,121,216,91,95,85,284.6,6,1,"{Aura Break, Power Construct}"
719,Diancie,160,110,50,160,110,110,8.8,6,1,{Clear Body}
720,Hoopa,160,60,80,170,130,80,,6,1,{Magician}
721,Volcanion,110,120,80,130,90,70,195.0,6,1,{Water Absorb}
722,Rowlet,55,55,68,50,50,42,1.5,7,0,"{Overgrow, Long Reach}"
723,Dartrix,75,75,78,70,70,52,16.0,7,0,"{Overgrow, Long Reach}"
724,Decidueye,107,75,78,100,100,70,36.6,7,0,"{Overgrow, Long Reach}"
725,Litten,65,40,45,60,40,70,4.3,7,0,"{Blaze, Intimidate}"
726,Torracat,85,50,65,80,50,90,25.0,7,0,"{Blaze, Intimidate}"
727,Incineroar,115,90,95,80,90,60,83.0,7,0,"{Blaze, Intimidate}"
728,Popplio,54,54,50,66,56,40,7.5,7,0,"{Torrent, Liquid Voice}"
729,Brionne,69,69,60,91,81,50,17.5,7,0,"{Torrent, Liquid Voice}"
730,Primarina,74,74,80,126,116,60,44.0,7,0,"{Torrent, Liquid Voice}"
731,Pikipek,75,30,35,30,30,65,1.2,7,0,"{Keen Eye, Skill Link, Pickup}"
732,Trumbeak,85,50,55,40,50,75,14.8,7,0,"{Keen Eye, Skill Link, Pickup}"
733,Toucannon,120,75,80,75,75,60,26.0,7,0,"{Keen Eye, Skill Link, Sheer Force}"
734,Yungoos,70,30,48,30,30,45,6.0,7,0,"{Stakeout, Strong Jaw, Adaptability}"
735,Gumshoos,110,60,88,55,60,45,14.2,7,0,"{Stakeout, Strong Jaw, Adaptability}"
736,Grubbin,62,45,47,55,45,46,4.4,7,0,{Swarm}
737,Charjabug,82,95,57,55,75,36,10.5,7,0,{Battery}
738,Vikavolt,70,90,77,145,75,43,45.0,7,0,{Levitate}
739,Crabrawler,82,57,47,42,47,63,7.0,7,0,"{Hyper Cutter, Iron Fist, Anger Point}"
740,Crabominable,132,77,97,62,67,43,180.0,7,0,"{Hyper Cutter, Iron Fist, Anger Point}"
741,Oricorio,70,70,75,98,70,93,3.4,7,0,{Dancer}
742,Cutiefly,45,40,40,55,40,84,0.2,7,0,"{Honey Gather, Shield Dust, Sweet Veil}"
743,Ribombee,55,60,60,95,70,124,0.5,7,0,"{Honey Gather, Shield Dust, Sweet Veil}"
744,Rockruff,65,40,45,30,40,60,9.2,7,0,"{Keen Eye, Vital Spirit, Steadfast}"
745,Lycanroc,115,75,85,55,75,82,,7,0,"{Keen Eye, Sand Rush, Steadfast, Keen Eye, Vital Spirit, No Guard}"
746,Wishiwashi,140,130,45,140,135,30,0.3,7,0,{Schooling}
747,Mareanie,53,62,50,43,52,45,8.0,7,0,"{Merciless, Limber, Regenerator}"
748,Toxapex,63,152,50,53,142,35,14.5,7,0,"{Merciless, Limber, Regenerator}"
749,Mudbray,100,70,70,45,55,45,110.0,7,0,"{Own Tempo, Stamina, Inner Focus}"
750,Mudsdale,125,100,100,55,85,35,920.0,7,0,"{Own Tempo, Stamina, Inner Focus}"
751,Dewpider,40,52,38,40,72,27,4.0,7,0,"{Water Bubble, Water Absorb}"
752,Araquanid,70,92,68,50,132,42,82.0,7,0,"{Water Bubble, Water Absorb}"
753,Fomantis,55,35,40,50,35,35,1.5,7,0,"{Leaf Guard, Contrary}"
754,Lurantis,105,90,70,80,90,45,18.5,7,0,"{Leaf Guard, Contrary}"
755,Morelull,35,55,40,65,75,15,1.5,7,0,"{Illuminate, Effect Spore, Rain Dish}"
756,Shiinotic,45,80,60,90,100,30,11.5,7,0,"{Illuminate, Effect Spore, Rain Dish}"
757,Salandit,44,40,48,71,40,77,4.8,7,0,"{Corrosion, Oblivious}"
758,Salazzle,64,60,68,111,60,117,22.2,7,0,"{Corrosion, Oblivious}"
759,Stufful,75,50,70,45,50,50,6.8,7,0,"{Fluffy, Klutz, Cute Charm}"
760,Bewear,125,80,120,55,60,60,135.0,7,0,"{Fluffy, Klutz, Unnerve}"
761,Bounsweet,30,38,42,30,38,32,3.2,7,0,"{Leaf Guard, Oblivious, Sweet Veil}"
762,Steenee,40,48,52,40,48,62,8.2,7,0,"{Leaf Guard, Oblivious, Sweet Veil}"
763,Tsareena,120,98,72,50,98,72,21.4,7,0,"{Leaf Guard, Queenly Majesty, Sweet Veil}"
764,Comfey,52,90,51,82,110,100,0.3,7,0,"{Flower Veil, Triage, Natural Cure}"
765,Oranguru,60,80,90,90,110,60,76.0,7,0,"{Inner Focus, Telepathy, Symbiosis}"
766,Passimian,120,90,100,40,60,80,82.8,7,0,"{Receiver, Defiant}"
767,Wimpod,35,40,25,20,30,80,12.0,7,0,{Wimp Out}
768,Golisopod,125,140,75,60,90,40,108.0,7,0,{Emergency Exit}
769,Sandygast,55,80,55,70,45,15,70.0,7,0,"{Water Compaction, Sand Veil}"
770,Palossand,75,110,85,100,75,35,250.0,7,0,"{Water Compaction, Sand Veil}"
771,Pyukumuku,60,130,55,30,130,5,1.2,7,0,"{Innards Out, Unaware}"
772,Type: Null,95,95,95,95,95,59,120.5,7,0,{Battle Armor}
773,Silvally,95,95,95,95,95,95,100.5,7,0,{RKS System}
774,Minior,100,60,60,100,60,120,40.0,7,0,{Shields Down}
775,Komala,115,65,65,75,95,65,19.9,7,0,{Comatose}
776,Turtonator,78,135,60,91,85,36,212.0,7,0,{Shell Armor}
777,Togedemaru,98,63,65,40,73,96,3.3,7,0,"{Iron Barbs, Lightningrod, Sturdy}"
778,Mimikyu,90,80,55,50,105,96,0.7,7,0,{Disguise}
779,Bruxish,105,70,68,70,70,92,19.0,7,0,"{Dazzling, Strong Jaw, Wonder Skin }"
780,Drampa,60,85,78,135,91,36,185.0,7,0,"{Berserk, Sap Sipper, Cloud Nine}"
781,Dhelmise,131,100,70,86,90,40,210.0,7,0,{Steelworker}
782,Jangmo-o,55,65,45,45,45,45,29.7,7,0,"{Bulletproof, Soundproof, Overcoat}"
783,Hakamo-o,75,90,55,65,70,65,47.0,7,0,"{Bulletproof, Soundproof, Overcoat}"
784,Kommo-o,110,125,75,100,105,85,78.2,7,0,"{Bulletproof, Soundproof, Overcoat}"
785,Tapu Koko,115,85,70,95,75,130,20.5,7,1,"{Electric Surge, Telepathy}"
786,Tapu Lele,85,75,70,130,115,95,18.6,7,1,"{Psychic Surge, Telepathy}"
787,Tapu Bulu,130,115,70,85,95,75,45.5,7,1,"{Grassy Surge, Telepathy}"
788,Tapu Fini,75,115,70,95,130,85,21.2,7,1,"{Misty Surge, Telepathy}"
789,Cosmog,29,31,43,29,31,37,0.1,7,1,{Unaware}
790,Cosmoem,29,131,43,29,131,37,999.9,7,1,{Sturdy}
791,Solgaleo,137,107,137,113,89,97,230.0,7,1,{Full Metal Body}
792,Lunala,113,89,137,137,107,97,120.0,7,1,{Shadow Shield}
793,Nihilego,53,47,109,127,131,103,55.5,7,1,{Beast Boost}
794,Buzzwole,139,139,107,53,53,79,333.6,7,1,{Beast Boost}
795,Pheromosa,137,37,71,137,37,151,25.0,7,1,{Beast Boost}
796,Xurkitree,89,71,83,173,71,83,100.0,7,1,{Beast Boost}
797,Celesteela,101,103,97,107,101,61,999.9,7,1,{Beast Boost}
798,Kartana,181,131,59,59,31,109,0.1,7,1,{Beast Boost}
799,Guzzlord,101,53,223,97,53,43,888.0,7,1,{Beast Boost}
800,Necrozma,107,101,97,127,89,79,230.0,7,1,{Prism Armor}
801,Magearna,95,115,80,130,115,65,80.5,7,1,{Soul-Heart}
