pokedex_number,trainer_region,trainer_name
248,Kanto,Brock
409,Kanto,Brock
141,Kanto,Brock
139,Kanto,Brock
76,Kanto,Brock
208,Kanto,Brock
99,Kanto,Misty
73,Kanto,Misty
230,Kanto,Misty
119,Kanto,Misty
130,Kanto,Misty
121,Kanto,Misty
135,Kanto,Surge
466,Kanto,Surge
462,Kanto,Surge
101,Kanto,Surge
310,Kanto,Surge
26,Kanto,Surge
103,Kanto,Erika
465,Kanto,Erika
47,Kanto,Erika
182,Kanto,Erika
71,Kanto,Erika
45,Kanto,Erika
15,Kanto,Janine
454,Kanto,Janine
169,Kanto,Janine
110,Kanto,Janine
49,Kanto,Janine
168,Kanto,Janine
282,Kanto,Sabrina
97,Kanto,Sabrina
528,Kanto,Sabrina
196,Kanto,Sabrina
122,Kanto,Sabrina
65,Kanto,Sabrina
38,Kanto,Blaine
136,Kanto,Blaine
323,Kanto,Blaine
467,Kanto,Blaine
78,Kanto,Blaine
59,Kanto,Blaine
115,Kanto,Giovanni
53,Kanto,Giovanni
31,Kanto,Giovanni
34,Kanto,Giovanni
51,Kanto,Giovanni
464,Kanto,Giovanni
31,Kanto,Koga
73,Kanto,Koga
110,Kanto,Koga
89,Kanto,Koga
49,Kanto,Koga
169,Kanto,Koga
87,Kanto,Lorelei
91,Kanto,Lorelei
131,Kanto,Lorelei
124,Kanto,Lorelei
237,Kanto,Bruno
106,Kanto,Bruno
107,Kanto,Bruno
208,Kanto,Bruno
448,Kanto,Bruno
68,Kanto,Bruno
709,Kanto,Agatha
429,Kanto,Agatha
24,Kanto,Agatha
477,Kanto,Agatha
94,Kanto,Agatha
445,Kanto,Lance
373,Kanto,Lance
784,Kanto,Lance
149,Kanto,Lance
131,Kanto,Red
45,Kanto,Red
26,Kanto,Red
150,Kanto,Red
143,Kanto,Red
6,Kanto,Red
28,Kanto,Blue
68,Kanto,Blue
59,Kanto,Blue
65,Kanto,Blue
142,Kanto,Blue
9,Kanto,Blue
132,Kanto,Green
36,Kanto,Green
22,Kanto,Green
233,Kanto,Green
134,Kanto,Green
3,Kanto,Green
20,Kanto,Elaine
62,Kanto,Elaine
144,Kanto,Elaine
12,Kanto,Elaine
25,Kanto,Elaine
113,Kanto,Chase
40,Kanto,Chase
57,Kanto,Chase
145,Kanto,Chase
55,Kanto,Chase
133,Kanto,Chase
80,Kanto,Trace
85,Kanto,Trace
212,Kanto,Trace
146,Kanto,Trace
18,Kanto,Trace
105,Kanto,Trace
523,Kanto,Morimoto
149,Kanto,Morimoto
510,Kanto,Morimoto
143,Kanto,Morimoto
663,Kanto,Ash
497,Kanto,Ash
445,Kanto,Ash
25,Kanto,Ash
83,Kanto,Goh
127,Kanto,Goh
623,Kanto,Goh
711,Kanto,Jessie
463,Kanto,Jessie
336,Kanto,Jessie
760,Kanto,Jessie
202,Kanto,Jessie
59,Kanto,James
748,Kanto,James
687,Kanto,James
332,Kanto,James
358,Kanto,James
455,Kanto,James
3,Kanto,Oak
6,Kanto,Oak
9,Kanto,Oak
128,Kanto,Oak
151,Kanto,Oak
34,Kanto,Oak
663,Johto,Falkner
189,Johto,Falkner
164,Johto,Falkner
472,Johto,Falkner
226,Johto,Falkner
18,Johto,Falkner
205,Johto,Bugsy
166,Johto,Bugsy
469,Johto,Bugsy
213,Johto,Bugsy
214,Johto,Bugsy
212,Johto,Bugsy
235,Johto,Whitney
217,Johto,Whitney
424,Johto,Whitney
162,Johto,Whitney
234,Johto,Whitney
241,Johto,Whitney
94,Johto,Morty
442,Johto,Morty
426,Johto,Morty
477,Johto,Morty
429,Johto,Morty
534,Johto,Chuck
740,Johto,Chuck
297,Johto,Chuck
237,Johto,Chuck
214,Johto,Chuck
62,Johto,Chuck
227,Johto,Jasmine
707,Johto,Jasmine
777,Johto,Jasmine
303,Johto,Jasmine
208,Johto,Jasmine
478,Johto,Pryce
87,Johto,Pryce
225,Johto,Pryce
91,Johto,Pryce
362,Johto,Pryce
473,Johto,Pryce
330,Johto,Clair
612,Johto,Clair
697,Johto,Clair
149,Johto,Clair
635,Johto,Clair
230,Johto,Clair
124,Johto,Will
201,Johto,Will
202,Johto,Will
203,Johto,Will
196,Johto,Will
178,Johto,Will
571,Johto,Karen
248,Johto,Karen
430,Johto,Karen
197,Johto,Karen
229,Johto,Karen
186,Johto,Eusine
222,Johto,Eusine
224,Johto,Eusine
211,Johto,Eusine
171,Johto,Eusine
184,Johto,Eusine
110,Johto,Petrel
110,Johto,Petrel
110,Johto,Petrel
110,Johto,Petrel
110,Johto,Petrel
110,Johto,Petrel
36,Johto,Ariana
182,Johto,Ariana
89,Johto,Ariana
97,Johto,Ariana
430,Johto,Ariana
24,Johto,Ariana
219,Johto,Archer
466,Johto,Archer
474,Johto,Archer
169,Johto,Archer
467,Johto,Archer
229,Johto,Archer
232,Johto,Gold
468,Johto,Gold
130,Johto,Gold
243,Johto,Gold
157,Johto,Gold
461,Johto,Silver
210,Johto,Silver
181,Johto,Silver
244,Johto,Silver
249,Johto,Silver
160,Johto,Silver
168,Johto,Crystal
206,Johto,Crystal
192,Johto,Crystal
185,Johto,Crystal
245,Johto,Crystal
154,Johto,Crystal
154,Johto,Elm
157,Johto,Elm
160,Johto,Elm
242,Johto,Elm
251,Johto,Elm
195,Johto,Elm
142,Hoenn,Roxanne
369,Hoenn,Roxanne
348,Hoenn,Roxanne
346,Hoenn,Roxanne
76,Hoenn,Roxanne
476,Hoenn,Roxanne
62,Hoenn,Brawly
214,Hoenn,Brawly
68,Hoenn,Brawly
286,Hoenn,Brawly
308,Hoenn,Brawly
297,Hoenn,Brawly
26,Hoenn,Wattson
462,Hoenn,Wattson
312,Hoenn,Wattson
311,Hoenn,Wattson
101,Hoenn,Wattson
310,Hoenn,Wattson
59,Hoenn,Flannery
78,Hoenn,Flannery
229,Hoenn,Flannery
323,Hoenn,Flannery
219,Hoenn,Flannery
324,Hoenn,Flannery
301,Hoenn,Norman
327,Hoenn,Norman
335,Hoenn,Norman
264,Hoenn,Norman
352,Hoenn,Norman
289,Hoenn,Norman
279,Hoenn,Winona
284,Hoenn,Winona
357,Hoenn,Winona
267,Hoenn,Winona
334,Hoenn,Winona
277,Hoenn,Winona
178,Hoenn,Tate
579,Hoenn,Tate
437,Hoenn,Tate
475,Hoenn,Tate
326,Hoenn,Tate
338,Hoenn,Tate
344,Hoenn,Liza
576,Hoenn,Liza
308,Hoenn,Liza
282,Hoenn,Liza
358,Hoenn,Liza
337,Hoenn,Liza
186,Hoenn,Juan
370,Hoenn,Juan
367,Hoenn,Juan
342,Hoenn,Juan
131,Hoenn,Juan
230,Hoenn,Juan
319,Hoenn,Sidney
332,Hoenn,Sidney
560,Hoenn,Sidney
275,Hoenn,Sidney
359,Hoenn,Sidney
354,Hoenn,Phoebe
426,Hoenn,Phoebe
429,Hoenn,Phoebe
302,Hoenn,Phoebe
609,Hoenn,Phoebe
477,Hoenn,Phoebe
460,Hoenn,Glacia
614,Hoenn,Glacia
362,Hoenn,Glacia
478,Hoenn,Glacia
365,Hoenn,Glacia
612,Hoenn,Drake
691,Hoenn,Drake
230,Hoenn,Drake
330,Hoenn,Drake
334,Hoenn,Drake
373,Hoenn,Drake
227,Hoenn,Steven
303,Hoenn,Steven
411,Hoenn,Steven
306,Hoenn,Steven
376,Hoenn,Steven
365,Hoenn,Wallace
272,Hoenn,Wallace
368,Hoenn,Wallace
340,Hoenn,Wallace
321,Hoenn,Wallace
350,Hoenn,Wallace
693,Hoenn,Shelly
528,Hoenn,Shelly
110,Hoenn,Shelly
510,Hoenn,Shelly
342,Hoenn,Shelly
368,Hoenn,Shelly
691,Hoenn,Matt
169,Hoenn,Matt
89,Hoenn,Matt
262,Hoenn,Matt
319,Hoenn,Matt
367,Hoenn,Matt
342,Hoenn,Archie
317,Hoenn,Archie
262,Hoenn,Archie
321,Hoenn,Archie
319,Hoenn,Archie
31,Hoenn,Courtney
291,Hoenn,Courtney
38,Hoenn,Courtney
229,Hoenn,Courtney
323,Hoenn,Courtney
232,Hoenn,Courtney
34,Hoenn,Tabitha
292,Hoenn,Tabitha
59,Hoenn,Tabitha
330,Hoenn,Tabitha
344,Hoenn,Tabitha
324,Hoenn,Maxie
110,Hoenn,Maxie
169,Hoenn,Maxie
262,Hoenn,Maxie
553,Hoenn,Maxie
323,Hoenn,Maxie
334,Hoenn,Lisia
80,Hoenn,Aarune
691,Hoenn,Aarune
623,Hoenn,Aarune
530,Hoenn,Aarune
637,Hoenn,Aarune
330,Hoenn,Aarune
310,Hoenn,Noland
306,Hoenn,Noland
330,Hoenn,Noland
28,Hoenn,Noland
464,Hoenn,Noland
127,Hoenn,Noland
291,Hoenn,Greta
313,Hoenn,Greta
314,Hoenn,Greta
197,Hoenn,Greta
94,Hoenn,Greta
292,Hoenn,Greta
381,Hoenn,Tucker
380,Hoenn,Tucker
6,Hoenn,Tucker
376,Hoenn,Tucker
373,Hoenn,Tucker
260,Hoenn,Tucker
497,Hoenn,Lucy
604,Hoenn,Lucy
350,Hoenn,Lucy
24,Hoenn,Lucy
336,Hoenn,Lucy
477,Hoenn,Spenser
59,Hoenn,Spenser
169,Hoenn,Spenser
131,Hoenn,Spenser
289,Hoenn,Spenser
245,Hoenn,Spenser
146,Hoenn,Brandon
145,Hoenn,Brandon
144,Hoenn,Brandon
379,Hoenn,Brandon
378,Hoenn,Brandon
377,Hoenn,Brandon
381,Hoenn,Anabel
245,Hoenn,Anabel
243,Hoenn,Anabel
244,Hoenn,Anabel
448,Hoenn,Anabel
143,Hoenn,Anabel
706,Hoenn,Zinnia
697,Hoenn,Zinnia
445,Hoenn,Zinnia
373,Hoenn,Zinnia
384,Hoenn,Zinnia
407,Hoenn,Wally
663,Hoenn,Wally
445,Hoenn,Wally
462,Hoenn,Wally
260,Hoenn,Wally
475,Hoenn,Wally
269,Hoenn,Brendan
330,Hoenn,Brendan
373,Hoenn,Brendan
381,Hoenn,Brendan
383,Hoenn,Brendan
254,Hoenn,Brendan
346,Hoenn,May
376,Hoenn,May
386,Hoenn,May
380,Hoenn,May
382,Hoenn,May
257,Hoenn,May
254,Hoenn,Birch
257,Hoenn,Birch
260,Hoenn,Birch
351,Hoenn,Birch
385,Hoenn,Birch
272,Hoenn,Birch
336,Orre,Zook
319,Orre,Zook
85,Orre,Zook
369,Orre,Zook
335,Orre,Zook
282,Orre,Cail
68,Orre,Cail
275,Orre,Cail
229,Orre,Cail
210,Orre,Cail
235,Orre,Biden
235,Orre,Biden
235,Orre,Biden
235,Orre,Biden
235,Orre,Biden
235,Orre,Biden
45,Orre,Agrev
68,Orre,Agrev
217,Orre,Agrev
359,Orre,Agrev
260,Orre,Agrev
430,Orre,Agrev
348,Orre,Gonzap
210,Orre,Gonzap
286,Orre,Gonzap
101,Orre,Gonzap
342,Orre,Gonzap
275,Orre,Gonzap
124,Orre,Resix
101,Orre,Resix
99,Orre,Resix
212,Orre,Resix
323,Orre,Resix
219,Orre,Resix
373,Orre,Blusix
214,Orre,Blusix
31,Orre,Blusix
376,Orre,Blusix
230,Orre,Blusix
457,Orre,Blusix
106,Orre,Browsix
606,Orre,Browsix
473,Orre,Browsix
141,Orre,Browsix
289,Orre,Browsix
164,Orre,Browsix
563,Orre,Yellosix
310,Orre,Yellosix
97,Orre,Yellosix
192,Orre,Yellosix
743,Orre,Yellosix
567,Orre,Yellosix
706,Orre,Purpsix
442,Orre,Purpsix
472,Orre,Purpsix
169,Orre,Purpsix
110,Orre,Purpsix
89,Orre,Purpsix
579,Orre,Greesix
248,Orre,Greesix
272,Orre,Greesix
45,Orre,Greesix
332,Orre,Greesix
286,Orre,Greesix
101,Orre,Mirakle B.
119,Orre,Mirakle B.
264,Orre,Mirakle B.
275,Orre,Mirakle B.
28,Orre,Mirakle B.
185,Orre,Mirakle B.
202,Orre,Skrub
367,Orre,Skrub
308,Orre,Skrub
76,Orre,Skrub
497,Orre,Verde
389,Orre,Verde
652,Orre,Verde
3,Orre,Verde
724,Orre,Verde
254,Orre,Verde
6,Orre,Rosso
257,Orre,Rosso
392,Orre,Rosso
727,Orre,Rosso
655,Orre,Rosso
9,Orre,Bluno
260,Orre,Bluno
658,Orre,Bluno
730,Orre,Bluno
395,Orre,Bluno
467,Orre,Exol
468,Orre,Exol
303,Orre,Exol
26,Orre,Exol
295,Orre,Exol
338,Orre,Dakim
330,Orre,Dakim
340,Orre,Dakim
229,Orre,Dakim
323,Orre,Dakim
136,Orre,Dakim
350,Orre,Venus
301,Orre,Venus
182,Orre,Venus
45,Orre,Venus
26,Orre,Venus
134,Orre,Venus
279,Orre,Ein
367,Orre,Ein
310,Orre,Ein
121,Orre,Ein
171,Orre,Ein
135,Orre,Ein
210,Orre,Gorigan
373,Orre,Gorigan
365,Orre,Gorigan
199,Orre,Gorigan
306,Orre,Gorigan
217,Orre,Gorigan
171,Orre,Snattle
195,Orre,Snattle
376,Orre,Snattle
89,Orre,Snattle
362,Orre,Snattle
101,Orre,Snattle
202,Orre,Lovrina
350,Orre,Lovrina
429,Orre,Lovrina
154,Orre,Lovrina
282,Orre,Lovrina
594,Orre,Lovrina
121,Orre,Ardos
230,Orre,Ardos
142,Orre,Ardos
65,Orre,Ardos
94,Orre,Ardos
128,Orre,Ardos
376,Orre,Eldes
143,Orre,Eldes
291,Orre,Eldes
330,Orre,Eldes
128,Orre,Eldes
94,Orre,Eldes
178,Orre,Nascour
282,Orre,Nascour
257,Orre,Nascour
365,Orre,Nascour
477,Orre,Nascour
65,Orre,Nascour
289,Orre,Evice
373,Orre,Evice
212,Orre,Evice
68,Orre,Evice
306,Orre,Evice
199,Orre,Evice
310,Orre,Greevil
334,Orre,Greevil
210,Orre,Greevil
277,Orre,Greevil
121,Orre,Greevil
142,Orre,Greevil
272,Orre,Miror B.
272,Orre,Miror B.
272,Orre,Miror B.
272,Orre,Miror B.
272,Orre,Miror B.
272,Orre,Miror B.
272,Orre,Agnol
625,Orre,Agnol
695,Orre,Agnol
778,Orre,Agnol
291,Orre,Chobin
105,Orre,Chobin
357,Orre,Chobin
189,Orre,Chobin
130,Orre,Chobin
192,Orre,Chobin
26,Orre,Rui
245,Orre,Rui
243,Orre,Rui
244,Orre,Rui
197,Orre,Rui
196,Orre,Rui
154,Orre,Wes
248,Orre,Wes
376,Orre,Wes
196,Orre,Wes
197,Orre,Wes
47,Orre,Michael
185,Orre,Michael
282,Orre,Michael
249,Orre,Michael
143,Orre,Michael
470,Orre,Michael
248,Sinnoh,Roark
476,Sinnoh,Roark
185,Sinnoh,Roark
411,Sinnoh,Roark
76,Sinnoh,Roark
409,Sinnoh,Roark
470,Sinnoh,Gardenia
421,Sinnoh,Gardenia
465,Sinnoh,Gardenia
455,Sinnoh,Gardenia
407,Sinnoh,Gardenia
237,Sinnoh,Maylene
454,Sinnoh,Maylene
286,Sinnoh,Maylene
68,Sinnoh,Maylene
448,Sinnoh,Maylene
308,Sinnoh,Maylene
226,Sinnoh,Crasher Wake
457,Sinnoh,Crasher Wake
400,Sinnoh,Crasher Wake
423,Sinnoh,Crasher Wake
419,Sinnoh,Crasher Wake
354,Sinnoh,Fantina
94,Sinnoh,Fantina
477,Sinnoh,Fantina
429,Sinnoh,Fantina
442,Sinnoh,Fantina
426,Sinnoh,Fantina
462,Sinnoh,Byron
306,Sinnoh,Byron
437,Sinnoh,Byron
208,Sinnoh,Byron
411,Sinnoh,Byron
460,Sinnoh,Candice
473,Sinnoh,Candice
471,Sinnoh,Candice
461,Sinnoh,Candice
478,Sinnoh,Candice
171,Sinnoh,Volkner
135,Sinnoh,Volkner
405,Sinnoh,Volkner
26,Sinnoh,Volkner
466,Sinnoh,Volkner
414,Sinnoh,Aaron
214,Sinnoh,Aaron
469,Sinnoh,Aaron
402,Sinnoh,Aaron
416,Sinnoh,Aaron
452,Sinnoh,Aaron
185,Sinnoh,Bertha
195,Sinnoh,Bertha
472,Sinnoh,Bertha
464,Sinnoh,Bertha
450,Sinnoh,Bertha
78,Sinnoh,Flint
136,Sinnoh,Flint
229,Sinnoh,Flint
392,Sinnoh,Flint
467,Sinnoh,Flint
196,Sinnoh,Lucian
203,Sinnoh,Lucian
65,Sinnoh,Lucian
122,Sinnoh,Lucian
475,Sinnoh,Lucian
437,Sinnoh,Lucian
442,Sinnoh,Cynthia
468,Sinnoh,Cynthia
350,Sinnoh,Cynthia
784,Sinnoh,Cynthia
493,Sinnoh,Cynthia
445,Sinnoh,Cynthia
598,Sinnoh,Tobias
637,Sinnoh,Tobias
381,Sinnoh,Tobias
491,Sinnoh,Tobias
437,Sinnoh,Mars
169,Sinnoh,Mars
469,Sinnoh,Mars
466,Sinnoh,Mars
464,Sinnoh,Mars
432,Sinnoh,Mars
437,Sinnoh,Jupiter
169,Sinnoh,Jupiter
465,Sinnoh,Jupiter
302,Sinnoh,Jupiter
423,Sinnoh,Jupiter
435,Sinnoh,Jupiter
437,Sinnoh,Saturn
169,Sinnoh,Saturn
65,Sinnoh,Saturn
467,Sinnoh,Saturn
224,Sinnoh,Saturn
454,Sinnoh,Saturn
479,Sinnoh,Charon
130,Sinnoh,Cyrus
212,Sinnoh,Cyrus
229,Sinnoh,Cyrus
169,Sinnoh,Cyrus
430,Sinnoh,Cyrus
461,Sinnoh,Cyrus
464,Sinnoh,Palmer
350,Sinnoh,Palmer
149,Sinnoh,Palmer
488,Sinnoh,Palmer
486,Sinnoh,Palmer
485,Sinnoh,Palmer
437,Sinnoh,Thorton
466,Sinnoh,Thorton
166,Sinnoh,Thorton
217,Sinnoh,Thorton
248,Sinnoh,Thorton
227,Sinnoh,Thorton
257,Sinnoh,Dahlia
477,Sinnoh,Dahlia
145,Sinnoh,Dahlia
272,Sinnoh,Dahlia
308,Sinnoh,Dahlia
468,Sinnoh,Dahlia
395,Sinnoh,Darach
398,Sinnoh,Darach
475,Sinnoh,Darach
229,Sinnoh,Darach
244,Sinnoh,Darach
445,Sinnoh,Argenta
12,Sinnoh,Argenta
426,Sinnoh,Argenta
149,Sinnoh,Argenta
416,Sinnoh,Argenta
289,Sinnoh,Cheryl
143,Sinnoh,Cheryl
594,Sinnoh,Cheryl
321,Sinnoh,Cheryl
242,Sinnoh,Cheryl
534,Sinnoh,Riley
464,Sinnoh,Riley
612,Sinnoh,Riley
289,Sinnoh,Riley
409,Sinnoh,Riley
703,Sinnoh,Buck
771,Sinnoh,Buck
411,Sinnoh,Buck
477,Sinnoh,Buck
213,Sinnoh,Buck
474,Sinnoh,Mira
780,Sinnoh,Mira
738,Sinnoh,Mira
609,Sinnoh,Mira
135,Sinnoh,Marley
617,Sinnoh,Marley
101,Sinnoh,Marley
291,Sinnoh,Marley
417,Sinnoh,Dawn
473,Sinnoh,Dawn
482,Sinnoh,Dawn
487,Sinnoh,Dawn
395,Sinnoh,Dawn
463,Sinnoh,Lucas
441,Sinnoh,Lucas
490,Sinnoh,Lucas
480,Sinnoh,Lucas
483,Sinnoh,Lucas
389,Sinnoh,Lucas
127,Sinnoh,Barry
407,Sinnoh,Barry
398,Sinnoh,Barry
481,Sinnoh,Barry
484,Sinnoh,Barry
392,Sinnoh,Barry
389,Sinnoh,Rowan
392,Sinnoh,Rowan
395,Sinnoh,Rowan
489,Sinnoh,Rowan
492,Sinnoh,Rowan
428,Sinnoh,Rowan
547,Unova,Cilan
598,Unova,Cilan
549,Unova,Cilan
591,Unova,Cilan
556,Unova,Cilan
512,Unova,Cilan
467,Unova,Chili
323,Unova,Chili
59,Unova,Chili
631,Unova,Chili
555,Unova,Chili
514,Unova,Chili
342,Unova,Cress
184,Unova,Cress
537,Unova,Cress
199,Unova,Cress
550,Unova,Cress
516,Unova,Cress
351,Unova,Cheren
335,Unova,Cheren
573,Unova,Cheren
521,Unova,Cheren
505,Unova,Cheren
508,Unova,Cheren
531,Unova,Lenora
115,Unova,Lenora
206,Unova,Lenora
586,Unova,Lenora
508,Unova,Lenora
505,Unova,Lenora
169,Unova,Roxie
89,Unova,Roxie
110,Unova,Roxie
569,Unova,Roxie
545,Unova,Roxie
589,Unova,Burgh
617,Unova,Burgh
416,Unova,Burgh
558,Unova,Burgh
545,Unova,Burgh
542,Unova,Burgh
596,Unova,Elesa
587,Unova,Elesa
181,Unova,Elesa
523,Unova,Elesa
208,Unova,Clay
553,Unova,Clay
537,Unova,Clay
28,Unova,Clay
530,Unova,Clay
227,Unova,Skyla
426,Unova,Skyla
468,Unova,Skyla
528,Unova,Skyla
581,Unova,Skyla
630,Unova,Brycen
589,Unova,Brycen
319,Unova,Brycen
584,Unova,Brycen
615,Unova,Brycen
614,Unova,Brycen
635,Unova,Drayden
373,Unova,Drayden
334,Unova,Drayden
330,Unova,Drayden
612,Unova,Drayden
621,Unova,Drayden
594,Unova,Marlon
195,Unova,Marlon
226,Unova,Marlon
321,Unova,Marlon
565,Unova,Marlon
426,Unova,Shauntal
478,Unova,Shauntal
563,Unova,Shauntal
623,Unova,Shauntal
609,Unova,Shauntal
620,Unova,Marshal
448,Unova,Marshal
539,Unova,Marshal
538,Unova,Marshal
639,Unova,Marshal
534,Unova,Marshal
248,Unova,Grimsley
319,Unova,Grimsley
452,Unova,Grimsley
560,Unova,Grimsley
553,Unova,Grimsley
625,Unova,Grimsley
579,Unova,Caitlin
561,Unova,Caitlin
606,Unova,Caitlin
376,Unova,Caitlin
576,Unova,Caitlin
567,Unova,Iris
131,Unova,Iris
306,Unova,Iris
373,Unova,Iris
635,Unova,Iris
612,Unova,Iris
628,Unova,Alder
621,Unova,Alder
589,Unova,Alder
617,Unova,Alder
640,Unova,Alder
637,Unova,Alder
445,Unova,Benga
149,Unova,Benga
380,Unova,Benga
381,Unova,Benga
612,Unova,Benga
637,Unova,Benga
530,Unova,Ingo
565,Unova,Ingo
569,Unova,Ingo
601,Unova,Ingo
534,Unova,Ingo
558,Unova,Ingo
632,Unova,Emmet
567,Unova,Emmet
596,Unova,Emmet
526,Unova,Emmet
612,Unova,Emmet
604,Unova,Emmet
474,Unova,Colress
606,Unova,Colress
462,Unova,Colress
101,Unova,Colress
601,Unova,Colress
649,Unova,Colress
461,Unova,Zinzolin
615,Unova,Zinzolin
615,Unova,Zinzolin
563,Unova,Ghetsis
604,Unova,Ghetsis
625,Unova,Ghetsis
452,Unova,Ghetsis
626,Unova,Ghetsis
635,Unova,Ghetsis
531,Unova,Bianca
510,Unova,Bianca
508,Unova,Bianca
620,Unova,Bianca
609,Unova,Bianca
518,Unova,Bianca
565,Unova,Hilda
555,Unova,Hilda
518,Unova,Hilda
512,Unova,Hilda
644,Unova,Hilda
500,Unova,Hilda
567,Unova,Hilbert
618,Unova,Hilbert
262,Unova,Hilbert
637,Unova,Hilbert
494,Unova,Hilbert
503,Unova,Hilbert
463,Unova,Rosa
579,Unova,Rosa
581,Unova,Rosa
584,Unova,Rosa
646,Unova,Rosa
497,Unova,Rosa
289,Unova,Nate
561,Unova,Nate
448,Unova,Nate
461,Unova,Nate
647,Unova,Nate
628,Unova,Nate
514,Unova,Hugh
626,Unova,Hugh
604,Unova,Hugh
330,Unova,Hugh
638,Unova,Hugh
521,Unova,Hugh
584,Unova,N
601,Unova,N
291,Unova,N
423,Unova,N
643,Unova,N
571,Unova,N
475,Unova,Curtis
303,Unova,Curtis
409,Unova,Curtis
232,Unova,Curtis
57,Unova,Curtis
282,Unova,Yancy
302,Unova,Yancy
411,Unova,Yancy
217,Unova,Yancy
53,Unova,Yancy
497,Unova,Juniper
500,Unova,Juniper
503,Unova,Juniper
518,Unova,Juniper
648,Unova,Juniper
573,Unova,Juniper
49,Kalos,Viola
212,Kalos,Viola
127,Kalos,Viola
558,Kalos,Viola
284,Kalos,Viola
666,Kalos,Viola
348,Kalos,Grant
142,Kalos,Grant
141,Kalos,Grant
703,Kalos,Grant
699,Kalos,Grant
697,Kalos,Grant
620,Kalos,Korrina
68,Kalos,Korrina
675,Kalos,Korrina
701,Kalos,Korrina
448,Kalos,Korrina
465,Kalos,Ramos
709,Kalos,Ramos
272,Kalos,Ramos
71,Kalos,Ramos
189,Kalos,Ramos
673,Kalos,Ramos
777,Kalos,Clemont
702,Kalos,Clemont
587,Kalos,Clemont
171,Kalos,Clemont
462,Kalos,Clemont
695,Kalos,Clemont
184,Kalos,Valerie
122,Kalos,Valerie
468,Kalos,Valerie
685,Kalos,Valerie
303,Kalos,Valerie
700,Kalos,Valerie
518,Kalos,Olympia
199,Kalos,Olympia
687,Kalos,Olympia
561,Kalos,Olympia
460,Kalos,Wulfric
473,Kalos,Wulfric
740,Kalos,Wulfric
615,Kalos,Wulfric
713,Kalos,Wulfric
227,Kalos,Wikstrom
707,Kalos,Wikstrom
589,Kalos,Wikstrom
212,Kalos,Wikstrom
476,Kalos,Wikstrom
681,Kalos,Wikstrom
324,Kalos,Malva
467,Kalos,Malva
229,Kalos,Malva
609,Kalos,Malva
668,Kalos,Malva
663,Kalos,Malva
224,Kalos,Siebold
230,Kalos,Siebold
121,Kalos,Siebold
130,Kalos,Siebold
693,Kalos,Siebold
689,Kalos,Siebold
445,Kalos,Drasna
621,Kalos,Drasna
706,Kalos,Drasna
334,Kalos,Drasna
691,Kalos,Drasna
715,Kalos,Drasna
676,Kalos,Diantha
637,Kalos,Diantha
683,Kalos,Diantha
711,Kalos,Diantha
282,Kalos,Diantha
763,Kalos,Aliana
758,Kalos,Aliana
468,Kalos,Aliana
676,Kalos,Aliana
115,Kalos,Aliana
407,Kalos,Bryony
510,Kalos,Bryony
178,Kalos,Bryony
676,Kalos,Bryony
248,Kalos,Bryony
124,Kalos,Celosia
471,Kalos,Celosia
461,Kalos,Celosia
676,Kalos,Celosia
460,Kalos,Celosia
576,Kalos,Mable
405,Kalos,Mable
702,Kalos,Mable
676,Kalos,Mable
181,Kalos,Mable
169,Kalos,Xerosic
687,Kalos,Xerosic
676,Kalos,Xerosic
130,Kalos,Xerosic
625,Kalos,Lysandre
45,Kalos,Lysandre
620,Kalos,Lysandre
430,Kalos,Lysandre
130,Kalos,Lysandre
668,Kalos,Lysandre
641,Kalos,Nita
642,Kalos,Nita
645,Kalos,Nita
432,Kalos,Nita
40,Kalos,Nita
326,Kalos,Nita
243,Kalos,Evelyn
245,Kalos,Evelyn
244,Kalos,Evelyn
57,Kalos,Evelyn
53,Kalos,Evelyn
381,Kalos,Evelyn
144,Kalos,Dana
145,Kalos,Dana
146,Kalos,Dana
378,Kalos,Dana
377,Kalos,Dana
379,Kalos,Dana
638,Kalos,Morgan
640,Kalos,Morgan
639,Kalos,Morgan
317,Kalos,Morgan
226,Kalos,Morgan
380,Kalos,Morgan
625,Kalos,Alain
461,Kalos,Alain
376,Kalos,Alain
248,Kalos,Alain
521,Kalos,Alain
6,Kalos,Alain
547,Kalos,Essentia
687,Kalos,Essentia
53,Kalos,Essentia
169,Kalos,Essentia
303,Kalos,Essentia
286,Kalos,Trevor
697,Kalos,Trevor
699,Kalos,Trevor
142,Kalos,Trevor
721,Kalos,Trevor
671,Kalos,Trevor
237,Kalos,Tierno
272,Kalos,Tierno
701,Kalos,Tierno
560,Kalos,Tierno
342,Kalos,Tierno
681,Kalos,Calem
675,Kalos,Calem
135,Kalos,Calem
6,Kalos,Calem
716,Kalos,Calem
658,Kalos,Calem
334,Kalos,Serena
359,Kalos,Serena
134,Kalos,Serena
3,Kalos,Serena
717,Kalos,Serena
655,Kalos,Serena
660,Kalos,Shauna
676,Kalos,Shauna
700,Kalos,Shauna
9,Kalos,Shauna
652,Kalos,Shauna
324,Kalos,AZ
623,Kalos,AZ
561,Kalos,AZ
681,Kalos,AZ
201,Kalos,AZ
671,Kalos,AZ
199,Kalos,Dexio
376,Kalos,Dexio
65,Kalos,Dexio
196,Kalos,Dexio
460,Kalos,Sina
124,Kalos,Sina
225,Kalos,Sina
780,Kalos,Sina
471,Kalos,Sina
652,Kalos,Sycamore
655,Kalos,Sycamore
658,Kalos,Sycamore
673,Kalos,Sycamore
700,Kalos,Sycamore
719,Kalos,Sycamore
461,?????,Blanche
395,?????,Blanche
365,?????,Blanche
376,?????,Blanche
471,?????,Blanche
144,?????,Blanche
101,?????,Spark
462,?????,Spark
405,?????,Spark
248,?????,Spark
135,?????,Spark
145,?????,Spark
219,?????,Candela
467,?????,Candela
157,?????,Candela
373,?????,Candela
136,?????,Candela
146,?????,Candela
105,?????,Cliff
466,?????,Cliff
68,?????,Cliff
28,?????,Cliff
248,?????,Cliff
429,?????,Sierra
319,?????,Sierra
302,?????,Sierra
275,?????,Sierra
229,?????,Sierra
373,?????,Arlo
462,?????,Arlo
306,?????,Arlo
208,?????,Arlo
212,?????,Arlo
115,Alola,Ilima
235,Alola,Ilima
765,Alola,Ilima
735,Alola,Ilima
775,Alola,Ilima
186,Alola,Lana
171,Alola,Lana
91,Alola,Lana
771,Alola,Lana
746,Alola,Lana
752,Alola,Lana
663,Alola,Kiawe
59,Alola,Kiawe
6,Alola,Kiawe
758,Alola,Kiawe
764,Alola,Mallow
254,Alola,Mallow
709,Alola,Mallow
756,Alola,Mallow
754,Alola,Mallow
763,Alola,Mallow
462,Alola,Sophocles
466,Alola,Sophocles
738,Alola,Sophocles
777,Alola,Sophocles
426,Alola,Acerola
478,Alola,Acerola
781,Alola,Acerola
770,Alola,Acerola
778,Alola,Acerola
210,Alola,Mina
303,Alola,Mina
122,Alola,Mina
756,Alola,Mina
743,Alola,Mina
707,Alola,Molayne
625,Alola,Molayne
462,Alola,Molayne
376,Alola,Molayne
760,Alola,Hala
297,Alola,Hala
62,Alola,Hala
766,Alola,Hala
785,Alola,Hala
740,Alola,Hala
348,Alola,Olivia
369,Alola,Olivia
774,Alola,Olivia
786,Alola,Olivia
302,Alola,Nanu
430,Alola,Nanu
553,Alola,Nanu
359,Alola,Nanu
787,Alola,Nanu
423,Alola,Hapu
623,Alola,Hapu
330,Alola,Hapu
788,Alola,Hapu
750,Alola,Hapu
398,Alola,Kahili
521,Alola,Kahili
164,Alola,Kahili
18,Alola,Kahili
277,Alola,Kahili
733,Alola,Kahili
706,Alola,Ryuki
780,Alola,Ryuki
784,Alola,Ryuki
776,Alola,Ryuki
754,Alola,Plumeria
94,Alola,Plumeria
748,Alola,Plumeria
169,Alola,Plumeria
758,Alola,Plumeria
212,Alola,Guzma
127,Alola,Guzma
284,Alola,Guzma
168,Alola,Guzma
794,Alola,Guzma
768,Alola,Guzma
676,"""Alola""",Dulse
796,"""Alola""",Dulse
794,"""Alola""",Dulse
793,"""Alola""",Dulse
798,"""Alola""",Dulse
799,"""Alola""",Zossie
797,"""Alola""",Zossie
795,"""Alola""",Zossie
676,"""Alola""",Soliera
799,"""Alola""",Soliera
795,"""Alola""",Soliera
793,"""Alola""",Soliera
797,"""Alola""",Soliera
796,"""Alola""",Phyco
794,"""Alola""",Phyco
798,"""Alola""",Phyco
344,Alola,Faba
65,Alola,Faba
779,Alola,Faba
97,Alola,Faba
36,Alola,Lusamine
549,Alola,Lusamine
428,Alola,Lusamine
350,Alola,Lusamine
795,Alola,Lusamine
760,Alola,Lusamine
571,Alola,Gladion
474,Alola,Gladion
448,Alola,Gladion
461,Alola,Gladion
169,Alola,Gladion
773,Alola,Gladion
743,Alola,Lillie
801,Alola,Lillie
791,Alola,Lillie
36,Alola,Lillie
763,Alola,Elio
727,Alola,Elio
738,Alola,Selene
733,Alola,Selene
748,Alola,Selene
792,Alola,Selene
724,Alola,Selene
715,Alola,Hau
740,Alola,Hau
775,Alola,Hau
136,Alola,Hau
730,Alola,Hau
724,Alola,Kukui
727,Alola,Kukui
730,Alola,Kukui
784,Alola,Kukui
272,Galar,Milo
182,Galar,Milo
421,Galar,Milo
279,Galar,Nessa
768,Galar,Nessa
119,Galar,Nessa
38,Galar,Kabu
229,Galar,Kabu
324,Galar,Kabu
758,Galar,Kabu
59,Galar,Kabu
609,Galar,Allister
477,Galar,Allister
94,Galar,Allister
237,Galar,Bea
701,Galar,Bea
675,Galar,Bea
68,Galar,Bea
756,Galar,Opal
743,Galar,Opal
303,Galar,Opal
468,Galar,Opal
282,Galar,Bede
700,Galar,Bede
576,Galar,Bede
303,Galar,Bede
131,Galar,Melony
248,Galar,Gordie
689,Galar,Gordie
213,Galar,Gordie
346,Galar,Gordie
435,Galar,Piers
560,Galar,Piers
687,Galar,Piers
510,Galar,Marnie
560,Galar,Marnie
454,Galar,Marnie
526,Galar,Raihan
706,Galar,Raihan
330,Galar,Raihan
478,Galar,Oleana
758,Galar,Oleana
763,Galar,Oleana
350,Galar,Oleana
569,Galar,Oleana
598,Galar,Rose
589,Galar,Rose
601,Galar,Rose
681,Galar,Leon
537,Galar,Leon
6,Galar,Leon
625,Galar,Sordward
475,Galar,Sordward
359,Galar,Sordward
680,Galar,Sordward
768,Galar,Sordward
652,Galar,Shielbert
411,Galar,Shielbert
601,Galar,Shielbert
437,Galar,Shielbert
122,Galar,Avery
452,Galar,Klara
545,Galar,Klara
405,Galar,Mustard
620,Galar,Mustard
784,Galar,Mustard
745,Galar,Mustard
242,Galar,Honey
468,Galar,Honey
758,Galar,Honey
9,Galar,Honey
3,Galar,Honey
212,Galar,Peony
437,Galar,Peony
306,Galar,Peony
303,Galar,Peonia
376,Galar,Peonia
697,Galar,Peonia
248,Galar,Victor
143,Galar,Victor
706,Galar,Gloria
424,Galar,Koko
516,Galar,Koko
765,Galar,Koko
766,Galar,Koko
392,Galar,Koko
143,Galar,Sonia
99,Galar,Sonia
12,Galar,Sonia
52,Galar,Sonia
205,Paldea,Katy
217,Paldea,Katy
763,Paldea,Brassius
549,Paldea,Brassius
185,Paldea,Brassius
405,Paldea,Iono
101,Paldea,Iono
429,Paldea,Iono
740,Paldea,Kofu
442,Paldea,Ryme
778,Paldea,Ryme
354,Paldea,Ryme
475,Paldea,Tulip
282,Paldea,Tulip
671,Paldea,Tulip
614,Paldea,Grusha
334,Paldea,Grusha
398,Paldea,Larry
437,Paldea,Poppy
462,Paldea,Poppy
450,Paldea,Rika
340,Paldea,Rika
323,Paldea,Rika
232,Paldea,Rika
51,Paldea,Rika
715,Paldea,Hassel
691,Paldea,Hassel
445,Paldea,Hassel
673,Paldea,Geeta
553,Paldea,Giacomo
430,Paldea,Giacomo
332,Paldea,Giacomo
229,Paldea,Mela
59,Paldea,Mela
324,Paldea,Mela
691,Paldea,Atticus
748,Paldea,Atticus
435,Paldea,Atticus
89,Paldea,Atticus
702,Paldea,Ortega
707,Paldea,Ortega
184,Paldea,Ortega
40,Paldea,Ortega
454,Paldea,Eri
448,Paldea,Eri
766,Paldea,Eri
197,Paldea,Penny
136,Paldea,Penny
470,Paldea,Penny
135,Paldea,Penny
134,Paldea,Penny
700,Paldea,Penny
416,Paldea,Saguaro
594,Paldea,Saguaro
701,Paldea,Dendra
308,Paldea,Dendra
297,Paldea,Dendra
430,Paldea,Salvatore
53,Paldea,Salvatore
26,Paldea,Salvatore
745,Paldea,Tyme
745,Paldea,Tyme
59,Paldea,Jacq
317,Paldea,Jacq
80,Paldea,Jacq
754,Paldea,Jacq
750,Paldea,Jacq
571,Paldea,Raifort
94,Paldea,Raifort
97,Paldea,Miriam
604,Paldea,Miriam
362,Paldea,Miriam
586,Paldea,Miriam
748,Paldea,Miriam
275,Paldea,Kieran
476,Paldea,Kieran
62,Paldea,Kieran
469,Paldea,Kieran
472,Paldea,Kieran
262,Paldea,Carmine
38,Paldea,Carmine
542,Paldea,Carmine
470,Paldea,Perrin
164,Paldea,Perrin
765,Paldea,Clavell
745,Paldea,Nemona
706,Paldea,Nemona
